TRAVEL_ID,ADV_NM,ADV_SEQ,PAYMENT_NUM,BRNO,STORE_NM,ROAD_NM_ADDR,LOTNO_ADDR,ROAD_NM_CD,LOTNO_CD,PAYMENT_DT,PAYMENT_MTHD_SE,PAYMENT_AMT_WON,PAYMENT_ETC,SGG_CD
g_g001280,플로깅용 집게,1,2,2138152063,(주)아성다이소,전북 전주시 완산구 유연로 154,전북 전주시 완산구 효자동3가 1627-6,3266056,4511114200,2023-05-28 10:59,1,4000,원터치스텐무광집게;YS바베큐집게,
g_g004822,빵 커피,2,3,6213501211,컴포즈커피,강원특별자치도 원주시 나비허리길 168,강원특별자치도 원주시 관설동 1702-5,4457092,5113011600,2023-08-12 09:54,1,4000,아메리카노(HOT);아메리카노(ICE),
g_g001276,햇반 라면,0,3,,자연드림,809 지하 1층 자연드림,,,,,3,6000,,4128510500
g_g000249,간식,2,4,2138152063,(주)아성다이소,서울 강남구 남부순환로 2748,,2000003,1168011800,2023-05-25 18:23,1,7000,호박쫀드기;허니버터맛쫀드기;목제손잡이갈퀴,
g_g000365,공차,0,2,,공차 안양역점,만안로 232 안양역2층,,,,,1,10000,,4117110100
g_g004839,도시락,1,1,1251341595,한솥,경기 안성시 안성맞춤대로 1087,경기 안성시 연지동 132,2000021,4155011500,2023-08-05 09:40,1,11000,,
g_g004906,닭강정,0,3,,문전대박닭강정,860-9,,,,,1,12000,,4137010100
g_g003556,김밥 떡,2,3,6172094153,해변떡방,부산 수영구 광안해변로15번길 77,부산 수영구 남천동 556,4214067,2650010500,2023-07-16 07:42,1,16000,,
g_g004538,야구장 입장권,1,4,1448125090,티켓링크,경기 성남시 분당구 대왕판교로645번길 16,경기 성남시 분당구 삼평동 629,4340055,4113510900,2023-07-29 18:00,1,26000,관람권 ,
g_g005572,라면;술;고기 등,0,3,,홈플러스 세종점,세종 절재로 154,,,,,1,105000,,3611011000
e_e000191,햇반.라면.술.버섯.음료,1,5,2068526100,롯데슈퍼 성수점,서울 성동구 아차산로7길 28,서울 성동구 성수동2가 289-4,4109397,1120011500,2023-04-28 13:30,1,32850,현대백진미오징어;양송이/팩;오뚜기맛있는오뚜기밥;오뚜기열라면,
e_e000668,김밥,0,6,,애플김밥대소점,애플김밥,,,,,1,14000,,4377034000
e_e002195,기차표,0,2,,야놀자,1003 엠디엠타워,,,,,1,81800,,1168010600
f_f000001,돼지고기,0,3,,주식회사 농라,570-6,,,,,1,163500,,4159013100
f_f002508,버베큐 소스 삼겹살 양파 꼬치 피망,0,2,,애플수퍼체인,애플수퍼체인,,,,,3,80000,,2714010100
f_f015541,이동중 먹을 베이글빵,1,2,1390973371,브라운오델리,전북 전주시 완산구 마전로 5,전북 전주시 완산구 효자동3가 1645-8,3266094,4511114200,2023-09-02 10:41,1,25100,소금버터;명란감태 베이글;앙버터베이글;디카페인;아메리카노A ice,
f_f016830,한라봉젤리,0,1,,스타벅스,,,,,,1,2900,,2726010200
g_g000005,한화생명이글스파크 야구관람 예매권,2,1,,한화생명 Eagles Park,대전 중구 대종로 373,,3010004,3014011100,2023-04-29 17:00,1,32500,입장권,
g_g000009,음식 숯 과일,0,2,,토리야끼,352-14,,,,,4,40500,,4128111100
g_g000010,왕복 버스 표,1,1,1388128578,동양고속,서울 서초구 신반포로 194,서울 서초구 반포동 19-4,3121017,1165010700,2023-04-29 19:40,1,0,버스표,
g_g000014,고기등등,1,3,2160272568,수택할인마트,서울 서대문구 가재울로 43,서울 서대문구 남가좌동 376-3,3112001,1141012000,2023-04-27 21:35,1,72860,옛날자른당면;서울365우유;새로;처음처람;블럭치즈돈카츠,
g_g000016,도넛3개,0,2,,도너릿,사동로 176 1층,,,,,1,9700,,4150035000
g_g000025,어버이날 선물로 마사지기 구매,1,1,5428800332,(주)데일리앤코,서울 강남구 학동로 343,서울 강남구 논현동 119,3122011,1168010800,2023-04-21 13:27,1,370000,클럭 스트레칭 마사지기 울트라,
g_g000198,식품,0,2,,윙잇,온라인결재,,,,,1,64310,,2920011900
g_g000225,소고기,0,5,,우래정,645-2,,,,,3,200000,,4617010200
g_g000237,고기,0,4,,현대드림마트,81,,,,,3,40000,,4128710200
g_g000240,생수,0,2,,이마트에브리데이,,,,,,1,1000,,1121510100
g_g000242,간식,1,4,,홈플러스,서울 마포구 월드컵로 지하 240,서울 마포구 성산동 420,3113018,1144012500,2023-05-22 22:08,3,106550,,
g_g000249,식품,1,4,1668501039,주식회사 더마트 평택지점,경기 평택시 세교산단로101번길 114-1,경기 평택시 세교동 429-23,4364311,4122012000,2023-05-26 20:35,1,217190,롯데/꼬깔치토4번들;기획)할.옥수수꿀호떡;도나우)소떡소떡;오/뿌셔뿌셔_불고기맛;대림/휠터피S;통통꽃징어,
g_g000251,쌈장 옥수수통조림 케찹 우유,1,3,1078657147,스토리웨이,경북 경주시 건천읍 경주역로 80,,3353983,4713025626,2023-06-04 19:33,1,13400,1인떡튀순세트;참치김밥,
g_g000265,소고기 음료 간식,1,6,2068650913,트레이더스 홀세일 클럽,경기 하남시 위례대로 200,경기 하남시 학암동 660,2000034,4145011600,2023-05-26 12:02,1,79530,한두채끝리테일팩,
g_g000320,주유,0,5,,하남풀페이,감초로176,,,,,1,59000,,4145012300
g_g000328,빵; 음료수,0,4,,뚜레주르,서울 은평구 백련산로2길 19 단지내상가 1층,,,,,3,30000,,1138010700
g_g000336,주유및 도예체험권,1,1,4181000438,용머리주유소,전북 전주시 완산구 용머리로 268,전북 전주시 완산구 서완산동1가 184,3266053,4511112300,2023-05-15 06:42,1,30000,주유비,
g_g000345,아메리카노,1,1,6096200182,후식,서울 용산구 한강대로23길 55,,4106418,1117012800,,1,4300,ICE 아메리카노,
g_g000392,주유,1,1,8218702202,(주)반디석유 시청점,광주 서구 천변좌하로 160,광주 서구 치평동 887-1,3160041,2914012000,2023-05-26 18:31,1,30000,주유비,
g_g000393,햇반 라면 육포,0,2,,와마트,,,,,,1,25000,,2826012200
g_g000394,과자 음료 컵라면,1,4,,홈플러스,경기 고양시 일산서구 호수로 817,경기 고양시 일산서구 대화동 2602,3192096,4128710400,2023-05-09 18:57,1,56120,비락 유기농 포도와야채365;비락 유기농 야채사랑365;농심 튀김우동 소컵;오뚜기 컵누들 김치 쌀국수;홈플러스시그니처 고구마형과자,
g_g000397,백제문화단지 입장권,1,4,5248601528,네이버파이낸셜 주식회사,경기 성남시 분당구 정자일로 95,경기 성남시 분당구 정자동 178-4,3180021,4113510300,2023-05-17 00:00,1,17200,백제문화단지 야간 입장권+밤도깨비PKG(주말),
g_g000402,고속버스 티켓,1,1,1298638970,버스타고,서울 중구 청계천로 24,서울 중구 다동 39,3100021,1114010200,2023-05-20 07:00,3,29500,버스표,
g_g000410,출발 기차표,1,2,3148210024,한국철도공사,대전 동구 중앙로 240,,3164033,3011011300,2023-05-17 16:52,1,18500,기차표,
g_g000413,왕복 버스비,1,1,6988800163,금호고속,광주 서구 무진대로 904,광주 서구 광천동 49-1,2009009,2914011500,2023-06-03 16:12,1,45000,버스표,
g_g000413,왕복 버스비,2,1,6058121736,부산서부버스터미널,,,,,2023-05-31 18:30,1,34600,버스비,
g_g000419,저녁식사,1,1,1254900517,리김밥,서울 서초구 신반포로 176,,3121017,1165010700,2023-05-19 19:08,1,5000,,
g_g000423,고기류.물.즉석찌개,0,4,,롯데프레시대흥점,,,,,,1,100000,,1144010800
g_g000435,집에 있는 음식들이라 금액을 산정하기 어려움,0,6,,집,일산로242,,,,,4,0,,4128510500
g_g000442,축제 입장권,1,3,,무주산골문화재단,전북 무주군 무주읍 한풍루로 326-14,전북 무주군 무주읍 당산리 1118,3275053,4573025022,2023-05-19 15:04,1,60000,,
g_g000464,차량 LPG 충전,1,2,1434800478,신탄진충전소,대전 대덕구 신탄진로 520,대전 대덕구 상서동 349-12,3010031,3023011600,2023-05-17 09:46,1,8605,주유비,
g_g000474,간식,1,1,1048509805,던킨,서울 용산구 한강대로 405,서울 용산구 동자동 43-205,2005005,1117010700,2023-05-16 09:37,1,4200,허니올드훼션드;소금우유도넛,
g_g000480,양갈비 등 식자재,0,2,,이마트,44,,,,,3,89200,,4159012800
g_g000487,자택에 가지고 있는걸로 가져감 따로 구매없음,0,1,,자택,한양아트빌리401호,,,,,4,0,,4117110100
g_g000490,커피와 빵,1,2,1248128579,수원애경역사(주),경기 수원시 팔달구 덕영대로 924,,3012001,4111513400,2023-05-25 08:02,1,5000,더베이크 기타베이커,
g_g000492,음식류 및 모기약 등,1,3,2068650913,이마트,경기 용인시 수지구 수지로 203,경기 용인시 수지구 신봉동 909,3205012,4146510500,2023-05-27 20:51,1,75870,초당옥수수; 유기오푸드황설탕; 백설 고소함가득참기름행사; 농심 고구마깡; 페로니캔,
g_g000492,음식류 및 모기약 등,3,3,1268645211,(주)오아시스,경기 성남시 중원구 갈마치로 218,경기 성남시 중원구 상대원동 333-3,3179001,4113310500,2023-05-25 22:42,3,24900,"구워먹는 치즈바 단호박;쌈총사/무농약 이상(적,청,깻);허브 먹은 천일염;무항생제 한돈 목심 구이용",
g_g000507,목란짬뽕외,1,1,2618123567,주식회사 컬리,서울 강남구 테헤란로 133,,3122010,1168010100,2023-05-25 23:33,1,27359,(이연복의 목란)짬뽕 2인분(마일드);시장물떡탕(2팩);(전통주)니모메;(전통주)문배술,
g_g000515,환화 이글스 파크 입장권,1,2,,,,,,,2023-06-03 17:00,1,62000,관람권,
g_g000540,아르떼뮤지엄 입장권 + 티 바,3,4,,엘에스컴퍼니,,,,,2023-05-19 00:00,1,20000,[여수]아르떼뮤지엄 입장권+TEA BAR,
g_g000540,아르떼뮤지엄 입장권 + 티 바,4,4,,엘에스컴퍼니,,,,,2023-05-19 00:00,1,13000,[여수]아르떼뮤지엄,
g_g000556,호미,0,4,,쿠팡(주),7-30,,,,,1,14800,,1171010200
g_g000560,떡볶이;만두피;등갈비,0,2,,씨알상사,공항로 811번 나길 103,,,,,1,23000,,2644010200
g_g000577,과일 라면 생수 장어 치킨 음료수 김 일회용품,0,4,,홈플러스 동광주점,200,,,,,1,157000,,2917011400
g_g000581,고기,1,5,8564000942,인생고기 제작소,서울 노원구 중계로 201,서울 노원구 중계동 364-24,3110007,1135010600,,1,63500,,
g_g000607,스파 이용권,1,2,5288701094,(주)코어웍스,서울 송파구 백제고분로17길 52,서울 송파구 잠실동 208-3,4169169,1171010100,2023-05-24 00:00,1,30220,포레스트리솜 해브나인스파 이용권(~6/30),
g_g000618,불고기,1,4,1147000108,성원한우,서울 강서구 곰달래로57길 24,서울 강서구 화곡동 804-5,4145162,1150010300,2023-05-25 20:24,1,43000,토종한우,
g_g000619,간식,1,4,1251386684,미주공판장,경기 평택시 이충로 60,경기 평택시 이충동 592,3188076,4122010900,2023-06-03 09:25,1,15100,오리온포카칩오리지널;양파깡;농심자갈치;천하장사;카스라이트,
g_g000619,간식,2,4,3890900963,파리바게뜨,경기 평택시 이충로 92,경기 평택시 서정동 1108-1,3188076,4122010100,2023-06-03 09:18,1,15200,NEW추억의소시지빵;초코 왕소라빵 플러스;소보루완두앙금빵;밤소보루맘모스(1/2),
g_g000628,상추; 쌈장; 삼겹살; 두부; 김치; 숯; 소고기; 상추,0,1,,이마트,해안로 25,,,,,3,121000,,4418010600
g_g000629,다누리아쿠아리움 고수동굴 패키지,1,4,5248601528,네이버파이낸셜 주식회사,경기 성남시 분당구 정자일로 95,경기 성남시 분당구 정자동 178-4,3180021,4113510300,2023-05-25 00:00,1,57600,고수동굴+다누리아쿠아리움 패키지 외 3건,
g_g000638,캠핑용품,0,1,,다이소 중문점,2081-1,,,,,1,40000,,5013011900
g_g000658,과일 빵 등 먹거리,1,3,2068650913,이마트,경기 고양시 덕양구 백양로 79,경기 고양시 덕양구 화정동 976,3192027,4128112300,2023-05-19 16:54,1,23620,밀양 햇 감자;L&L모듈러;칠성사이다;(A)파머스픽 새송이;애호박,
g_g000658,과일 빵 등 먹거리,2,3,1288552443,롯데쇼핑(주)롯데마트,경기 고양시 덕양구 충장로 150,경기 고양시 덕양구 행신동 941,3192095,4128112800,2023-05-19 17:43,1,12620,맥스웰하우스 마스터 블랙; 행사빵류; 해태 강원평창수,
g_g000672,어린이튜브2개 어린이비치모자2개 파라솔 유아래시가드 이유식 식재료 간식,0,4,,남대문시장,,,,,,3,320000,,1114011200
g_g000688,물,0,1,,블랙보리,cu그랜드점,,,,,1,1500,,2915510800
g_g000696,보조배터리,1,1,1168119948,한국정보통신(주),서울 중구 세종대로 39,,2005001,1114011700,2023-05-11 08:34,1,17480,,
g_g000701,이삭토스트,1,1,1078657147,스토리웨이,광주 북구 독립로367번길 69,광주 북구 중흥동 694-4,4286130,2917010100,2023-05-27 10:58,1,7200,모짜올리구마;(ICE)아메리카노,
g_g000717,커피,1,4,2018121515,스타벅스,전남 여수시 신월로 567,,3282045,4613011800,2023-05-23 12:58,3,16900,T)DCF돌체라떼; I-G)아메리카노; I-T)아메리카노,
g_g000726,고속버스요금,2,1,1048183559,티머니,서울 중구 후암로 110,서울 중구 남대문로5가 581,3101024,1114011800,2023-06-06 18:03,1,15800,버스표,
g_g000732,갯벌체험용 갈고리 등,0,3,,세원비닐(인터넷구매),성산로666-5 에스몰(인터넷구매입니다),,,,,3,21500,,4783033000
g_g000734,간단한 간식거리,1,5,5937600171,CU,전북 익산시 무왕로 1620,전북 익산시 덕기동 681-12,3016011,4514012800,2023-05-27 09:05,1,9200,쫄병짜파게티맛; 주)리챔마요김치볶음2; 주)2XL 베이컨참치2; 백종원 2XL치즈제육2; 동아)박카스F,
g_g000735,일정중 구매,1,3,3118207025,당진농협하나로마트,충남 당진시 동부1로 15,충남 당진시 대덕동 376-1,3265146,4427010700,2023-06-05 17:37,1,76760,돌미역;옛날미역;오리온 최고스낵4묶음;엔요플레인;해표더고소한파래김,
g_g000769,바베큐 재료,1,3,2068650913,이마트,경기 광명시 소하로 97,경기 광명시 소하동 1339-3,3187036,4121010400,2023-06-03 18:09,1,22670,마켓오 오징어톡;감자톡허브솔트;반반상추;비비고 썰은김치;삼립 옥수수 꿀호떡 요요,
g_g000769,바베큐 재료,2,3,2249423665,더 조은 한우,경기 광명시 소하로 77,경기 광명시 소하동 1339,3187036,4121010400,2023-06-03 18:05,1,23700,,
g_g000775,전북투어패스,1,2,2068689631,(주)엘에스컴퍼니,제주특별자치도 제주시 청사로 11,제주특별자치도 제주시 도남동 573-2,3349193,5011012900,2023-05-23 13:59,1,11800,(전북투어패스)통합이용권,
g_g000779,물 음료,1,3,6368802595,에스원식자재마트,광주 북구 호동로 33,,3162084,2917010100,2023-06-02 00:00,1,9900,제주삼다수;토닉워터;시나몬조청약과,
g_g000785,커피,1,2,4922400753,바른카페 계림점,광주 동구 계림로30번길 15,광주 동구 계림동 1815,4277025,2911010900,2023-05-20 13:47,1,7000,,
g_g000804,양념갈비; 오징어초무침과 납착만두; 돈마호크,0,4,,롯데마트,743,,,,,1,110400,,4143010700
g_g000808,엄마 가방 전병,1,2,4028532364,PNB풍년제과,전북 전주시 완산구 은행로 61,,3266057,4511111800,2023-05-23 19:23,1,29800,땅콩전병;깨전병;생강전병;미니양갱,
g_g000809,주유,1,2,1348178493,지에스이앤알 보라주유소,서울 영등포구 영등포로 399,서울 영등포구 신길동 70-1,3118022,1156013200,2023-05-31 15:33,1,50000,주유비,
g_g000832,족발; 콩나물잡채 등,0,4,,말바우시장,,,,,,1,43000,,2917011000
g_g000836,고속버스 예매,1,1,2198101636,(주)중앙고속,경기 화성시 풀무골로 1,경기 화성시 영천동 651-866,3210155,4159013100,2023-05-31 11:50,1,18500,버스표,
g_g000836,고속버스 예매,2,1,2198101636,(주)중앙고속,경기 화성시 풀무골로 1,경기 화성시 영천동 651-866,3210155,4159013100,2023-05-31 00:00,1,18500,버스표,
g_g000842,고기 음료과자술아이스크림빵등등,1,4,3130291435,빙그레마트,충남 서천군 비인면 서인로 1253,충남 서천군 비인면 성북리 241-5,3260009,4477040022,2023-05-28 19:23,1,17100,맥콜;카스캔;빙그레붕어싸만코,
g_g000842,고기 음료과자술아이스크림빵등등,2,4,4794900355,비인마트,충남 서천군 비인면 비인로 167-1,충남 서천군 비인면 성내리 335-15,3260005,4477040021,2023-05-28 12:46,3,26700,스프라이트;오감자;예감;안성탕면;양파링,
g_g000842,고기 음료과자술아이스크림빵등등,3,4,4010587559,하나제과,충남 서천군 비인면 비인로 198,충남 서천군 비인면 성내리 311-1,3260005,4477040021,2023-05-28 12:47,1,10500,,
g_g000842,고기 음료과자술아이스크림빵등등,4,4,3098201218,하나로마트,충남 서천군 비인면 비인로 199-1,충남 서천군 비인면 성내리 502-2,3260005,4477040021,2023-05-27 16:36,1,19430,오리온 비스킷 5묶음;진로 16.5%(병);인기스낵 기획팩(새꿀바감);콩나물;새콤달콤 초고추장,
g_g000842,고기 음료과자술아이스크림빵등등,5,4,7802701437,대유 축산물프라자,대구 달서구 평리로 62,대구 달서구 용산동 932-1,3143015,2729011100,2023-05-26 17:59,1,44000,정육기타,
g_g000859,쌈장.삼겹살.쌈무.찜딝.고구마.버섯.마늘.방울토마토.메론,1,3,1108802619,디에스마트,서울 마포구 월드컵북로 230,서울 마포구 중동 64-25,3113019,1144012600,2023-05-26 21:50,1,15320,호박고구마 1봉;새송이버섯 1봉;마늘;대추방울토마토 1팩;메론,
g_g000859,쌈장.삼겹살.쌈무.찜딝.고구마.버섯.마늘.방울토마토.메론,2,3,2208160348,홈플러스,서울 마포구 월드컵로 240,서울 마포구 성산동 515,3113018,1144012500,2023-05-26 21:20,1,47650,해찬들사계절쌈장;지리산한돈_돼지고기;시그니처새콤한쌈무;행복대란30입;안동식순살찜닭,
g_g000867,주류;고기.과자.음료;과일;야채,0,4,,주양쇼핑홈마트,홍연길 77,,,,,1,158300,,1141011700
g_g000898,시외버스 승차권,1,1,6048100854,(주)천일고속,부산 서구 구덕로 102-1,,3006005,2614012000,2023-05-28 22:10,1,22900,버스표,
g_g000898,시외버스 승차권,2,1,6048100854,(주)천일고속,,,,,2023-05-28 22:12,1,22900,버스표,
g_g000899,음료;빵;과자;떡; 친척집방문용 과일;고기;반찬 등,0,3,,코스트코 양평점,65  코스트코 양평점,,,,,3,179000,,1156012700
g_g000920,주유,1,2,1643200722,제이엠9주유소,경북 상주시 북상주로 3,경북 상주시 만산동 227-6,3311022,4725013300,2023-05-22 18:23,1,60000,주유비,
g_g000931,햇반 라면,1,4,3058528424,롯데슈퍼 중촌점,대전 중구 목중로 50,대전 중구 중촌동 16-10,3165009,3014010400,2023-06-04 15:02,1,18370,농심너구리컵;오뚜기진라면컵순;삼양컵라면;농심사리곰탕컵면;제사용종량제봉투,
g_g000938,간식,0,10,,gs25동구신서점,530-4,,,,,1,25000,,2714012400
g_g000967,고속버스 예매,1,2,3538700773,(주)동부고속,서울 서초구 신반포로 194,서울 서초구 반포동 19-4,3121017,1165010700,2023-05-14 10:42,1,38000,버스비,
g_g000992,보조배터리,1,1,3028701186,주식회사 디엘티테크코리아,경기 남양주시 홍유릉로212번길 26-1,경기 남양주시 금곡동 550-2,4391787,4136010300,2023-05-24 11:25,1,33326,팬톤 맥세이프 보조배터리 아이폰 무선충전 10000mAh,
g_g000996,고속버스비,1,1,3538700773,(주)동부고속,서울 서초구 신반포로 194,서울 서초구 반포동 19-4,3121017,1165010700,2023-05-23 00:00,1,13100,버스표,
g_g000996,고속버스비,2,1,2198101636,(주)중앙고속,경기 화성시 풀무골로 1,경기 화성시 영천동 651-866,3210155,4159013100,2023-05-23 00:12,1,13100,버스비,
g_g000998,기차표,1,1,3148210024,한국철도공사,대전 동구 중앙로 240,,3164033,3011011300,2023-05-26 00:00,1,51000,기차표,
g_g001008,숙박시설에서 먹을음식,1,4,4178509429,롯데마트 여천점,전남 여수시 무선로 187,,3282025,4613013500,2023-05-27 19:11,1,100050,롯데 아이시스;팹시콜라;칠성 사이다;농심 얼큰한 너구리;농심 새우깡,
g_g001028,곱창전골 어묵탕 라면 고기 마늘 얼음 물 음료수,1,3,4738100089,주식회사 컬리,서울 강남구 테헤란로 133,,3122010,1168010100,2023-05-26 20:09,1,88802,[농심]신라면 건면5입,
g_g001033,전주한옥마을패키지권,1,2,8158101244,11번가,서울 중구 한강대로 416,서울 중구 남대문로5가 541,2005005,1114011800,,1,48600,[전북투어패스]전주한옥마을 패키지권/전주여행,
g_g001036,유부초밥;오리고기;토마호크;양고기;소주;맥주 어묵탕;크림닭갈비;떡볶이;소고기 등,0,5,,이마트 평택점,,,,,,1,470000,,4122012100
g_g001039,삼겹살;야채;떡볶이;청국장 등,0,1,,nc백화점,계룡로 119,,,,,1,149000,,3020011100
g_g001040,바베큐 파티 재료,1,2,,,,,,,2023-05-25 14:04,3,93500,(해선생)구룡포 반건조 오징어 2미;윙잇X프렙 갈릭 앤초비 오일 파스타;토마호크 시즈닝 스테이크;(신규전용)고른 칼집 멍석말이 돼지 왕구이 3인분,
g_g001077,고기 회 술 텐트 의자 수저,1,4,2068650913,이마트,충남 서산시 서해로 3685,충남 서산시 잠홍동 463,3000117,4421010500,2023-06-03 17:06,1,211080,3단 접이식 캠핑매트;파머스틱 1+ 등급란 1;소소 베이직 수저2인;GAP추부깻잎;활광어회(대),
g_g001086,고속버스 티켓,0,2,,서울 경부 고속버스터미널,신반포로 194,,,,,1,43800,,1165010700
g_g001114,숙소,1,2,2208742885,(주)야놀자,서울 강남구 테헤란로108길 42,서울 강남구 대치동 1003,4166713,1168010600,2023-05-22 16:18,1,95000,대전 유성 렉시,
g_g001138,고기 맥주,0,3,,삽교농협내포농수산물종합유통센터,,,,,,4,44160,,4481025327
g_g001144,옷,1,1,,김포공항롯데몰,서울 강서구 하늘길 38,서울 강서구 방화동 886,4145490,1150010900,2023-05-27 14:33,3,43800,DFDU3-WSV073;DFDU3-WKS261,
g_g001156,만두전골,0,3,,한성칼국수,28-1 한성칼국수,,,,,1,40000,,4129010500
g_g001227,식료품,1,3,2068650913,이마트,광주 광산구 사암로 172,광주 광산구 우산동 1598-3,3163014,2920010900,2023-06-03 11:04,1,48390,(A)파머스픽아삭이; (대)국내산삼겹살구이,
g_g001227,식료품,2,3,5448802258,유한회사 인재대양식자재마트,광주 광산구 어등대로 555,,2163001,2920010600,2023-06-02 19:13,1,52820,CJ균일가;수미칩 오리지널;크)빅파이 딸기;맛밤;JS)유부초밥박사,
g_g001231,고수동굴+다누리아쿠아리움 패키지 입장권,2,2,1138638602,(주)스마틱스,서울 영등포구 경인로 775,서울 영등포구 문래동3가 55-20,3000028,1156012100,2023-05-27 16:11,3,18900,고수동굴+다누리아쿠아리움패키지(5/1~7/31),
g_g001233,베어트리파크입장권,0,4,,베어트리파크입장권,송성리9,,,,,1,32760,,3611038000
g_g001256,고기 음료 주류 등,1,3,4108526640,이마트,광주 서구 죽봉대로 61,광주 서구 화정동 12-13,2009006,2914011900,2023-05-27 15:55,1,169080,,
g_g001258,마른안주와 과일 약간; 저녁으로 김밥 구매했습니다,0,5,,간식은 인터넷 구매(올웨이즈); 김밥은 정가네김밥,행정리 426-12,,,,,1,61000,,4159025939
g_g001289,정육,1,5,2068650913,(주)이마트,서울 성동구 뚝섬로 377,,3103010,1120011500,2023-05-26 16:24,1,44680,호주산와규(F1)바로구이,
g_g001290,고기,0,5,,이마트,333-16,,,,,1,44680,,1120011500
g_g001291,커피,1,2,2018121515,스타벅스,광주 광산구 사암로216번길 38-16,광주 광산구 우산동 1585-5,4289187,2920010900,2023-05-27 13:08,1,9000,I-T)아메리카노,
g_g001315,프로야구 티켓 입장권,1,4,1448125090,티켓링크,경기 성남시 분당구 대왕판교로645번길 16,경기 성남시 분당구 삼평동 629,4340055,4113510900,2023-06-03 00:00,1,52000,입장권,
g_g001322,서브웨이;스타벅스,0,2,,서브웨이 광화문 스타벅스 광화문,128-27,,,,,1,18000,,1111011700
g_g001337,캠핑용품 대여,0,2,,에이치 앤 에이치(H & H),산본로323번길 26-26 (씨티프라자) 4층  28호,,,,,1,101000,,4141010400
g_g001338,음료수,0,1,,이마트 24,하슬라로 27 강릉시외버스터미널,,,,,1,2000,,4215010100
g_g001343,캠핑때 먹을 것,1,5,8578501682,순천로컬푸드(주) 신대점,전남 순천시 해룡면 매안로 138,전남 순천시 해룡면 신대리 1980,3283040,4615031022,2023-06-03 12:06,3,56770,양파;호박;자연애나누미;돼지칼집삼겹;돼지목살;블루베리,
g_g001362,센티마르 글램핑 숙소 사전예약,0,4,,주식회사 떠나요,학암포길 43-12,,,,,4,195000,,4482535000
g_g001386,점심,1,4,,스텔라떡볶이 경남진주혁신점,경남 진주시 사들로 56,,3350087,4817013700,2023-06-03 11:45,1,8000,스텔라떡볶이 외6개,
g_g001575,아이장화,1,1,1208800767,쿠팡(주),서울 송파구 송파대로 570,서울 송파구 신천동 7-30,2005011,1171010200,2023-05-25 17:09,1,5999,핑크퐁 아동용 아기상어 장화 ,
g_g001612,간식과자,2,3,2548200199,하나로마트,전남 목포시 영산로 575,,3281095,4611015800,2023-06-03 10:07,1,8540,롯데)핵짱셔요콜라;롯데)크런키 빼빼로;허니버터칩;롯데)치토스매콤;해태)구운양파,
g_g001619,기름,0,2,,태평석유직영 에덴 주유소,,,,,,1,100000,,4157034000
g_g001621,김밥,1,1,,,,,,,2023-06-03 09:43,1,3500,[포장]원조김밥,
g_g001650,과일,0,4,,남평농협파머스마켓 강변점,강젼2길 5-3,,,,,4,20000,,4617025000
g_g001652,주유,1,1,1178526926,(유)오일패밀리용두우리주유소,광주 북구 빛고을대로 652,광주 북구 용두동 1043-16,2009010,2917013100,2023-06-08 14:21,1,20000,주유비,
g_g001662,식자재 및 음료,1,3,2618123567,주식회사 컬리,서울 강남구 테헤란로 133,,3122010,1168010100,2023-06-01 19:59,1,40439,(밀클레버)슈크림 미니붕어빵;(델리치오)와규 햄버거 패티;(아워홈)프리미엄 버거번(4개입);(크라제)뽀모도로 스파게티(2개입);펀나쵸 치즈,
g_g001662,식자재 및 음료,3,3,,(주)에스에스지닷컴,서울 강남구 테헤란로 231,서울 강남구 역삼동 676,3122010,1168010100,2023-06-01 00:00,1,46046,오뚜기 고기고명평양물냉면; SSG양파; 피죤 액츠 액체세제; 하루채소 가벼운샐러드; [피코크]원주진미양념치킨,
g_g001668,기차표,1,1,3148210024,한국철도공사,대전 동구 중앙로 240,,3164033,3011011300,2023-06-03 13:07,1,30400,기차표,
g_g001668,기차표,2,1,3148210024,한국철도공사,대전 동구 중앙로 240,,3164033,3011011300,2023-05-30 17:06,1,15900,기차표,
g_g001668,기차표,3,1,1148201186,전국고속버스운송사업조합,서울 서초구 신반포로 194,서울 서초구 반포동 19-4,3121017,1165010700,2023-05-30 17:08,3,18400,버스비,
g_g001682,쌈장 고추 과자 음료수 불판 반찬 등,1,3,3148302424,자운대 쇼핑타운,대전 유성구 자운로97번길 410,,4301380,3020013500,2023-06-02 18:08,1,33540,패밀리요구르트;(NEW)양반차돌육개장;비비고설렁탕;보석바;종량제봉투,
g_g001695,커피,1,1,6810601417,이디야,서울 서초구 신반포로 176,,3121017,1165010700,2023-06-04 09:46,1,4200,(L) ICED 카페 라떼,
g_g001697,간식 및 저녁식사 재료,1,4,4098211957,광주농협하나로클럽 매곡점,광주 북구 매곡로 48,광주 북구 매곡동 214-19,3162014,2917011700,2023-06-04 13:50,1,34430,코카콜라;코크고티카빈티지스위트아메리카노(캔);빠삭어포튀각;롯데 아이시스;팔도)뽀로로샤인머스캣맛,
g_g001701,음식,1,3,2208160348,홈플러스,서울 강서구 화곡로 398,서울 강서구 등촌동 639-11,3005069,1150010200,2023-06-01 11:39,1,37170,오뚜기 참깨라면 소컵;한끼신선 깐마늘(봉);해태 홈런볼 초코;동원 그릴리 극한 직화 후랑크 치;보리먹고 자란 돼지 등갈비(캐나다),
g_g001768,우유 컵라면 음료,0,5,,이마트24,251-2,,,,,1,9200,,4717014000
g_g001795,새우볶음밥; 음료수; 피자(둘째날 아침 차안에서 먹음),0,4,,이마트,401,,,,,1,28940,,4167010200
g_g001819,여행용 가방,1,2,1208800767,쿠팡(주),서울 송파구 송파대로 570,서울 송파구 신천동 7-30,2005011,1171010200,2023-06-01 00:00,1,14690,베이스알파 에센셜 대용량 여행용 보스턴백 블랙,
g_g001829,캔음료수,0,1,,송산휴게소,455-13,,,,,1,4100,,4150025026
g_g001833,삼겹살 음료 과자,1,4,4029161593,돼지랑한우랑,전북 전주시 덕진구 솔내로 128,전북 전주시 덕진구 송천동1가 143-26,3267034,4511312100,2023-06-05 12:52,1,28900,돼지생삼겹살(국산),
g_g001833,삼겹살 음료 과자,2,4,3478601727,유한회사듬뿍,전북 전주시 덕진구 솔내로 132,전북 전주시 덕진구 송천동1가 104,3267034,4511312100,2023-06-05 12:57,1,22290,코카콜라제로;포카칩오리지날;생생우동용기;재활용봉투;남양이오요구르트,
g_g001856,음료,0,2,,스타벅스,경기 남양주시 경춘로 1269,,,,,4,6500,,4136010200
g_g001857,커피,0,1,,컴포즈커피,458-8,,,,,1,1500,,2915510600
g_g001882,음료수;삶은계란,0,2,,gs편의점,장선배가1길9-4,,,,,1,9300,,4615013300
g_g001884,빵.음료수.커피,0,2,,마트,,,,,,3,15000,,1165010800
g_g001888,빵,0,3,,파리바게뜨,경기 화성시 동탄순환대로 701 (영천동 678-3) SR리버스빌타워 101호,,,,,3,10400,,4159013100
g_g001891,전시회 티켓,1,1,8248102515,주식회사 인터파크,서울 중구 통일로 92,서울 중구 순화동 1-170,3000008,1114016800,2023-06-05 13:47,1,18000,,
g_g001900,청양 투어패스,1,2,2118841856,(주)티몬,서울 강남구 압구정로 118,서울 강남구 신사동 529-4,3122007,1168010700,2023-06-02 00:00,1,19800,청양 투어패스 24시간권(구매2개),
g_g001913,입장권,0,3,,대전 엑스포아쿠아리움,3-1  대전신세계 지하1층,,,,,1,83000,,3020012700
g_g001947,케이크,0,3,,오드케이크,72-2 1층,,,,,5,44000,,4511110300
g_g001964,김밥,1,1,1078657147,스토리웨이,서울 영등포구 경인로 지하 843,서울 영등포구 영등포동 618-496,3000028,1156010100,2023-06-09 09:30,1,9400,참치주먹밥;쇠고기김밥;상품봉투,
g_g001965,스타벅스 음료4잔 테이크아웃,1,4,2018121515,스타벅스,충북 청주시 흥덕구 오송읍 오송생명로 159,충북 청주시 흥덕구 오송읍 연제리 674,3240061,4311325026,2023-06-10 13:31,3,20400,I-T)BLD아메리카노;T)유자패션피지오;I-G)BLD아메리카노,
g_g002041,로씨오호텔숙박권,1,2,,당진 호텔 로씨오,충남 당진시 송악읍 한진포구길 30-38,충남 당진시 송악읍 한진리 106-7,4595666,4427025337,2023-06-09 16:52,3,90000,숙박비,
g_g002048,캠핑요리 재료,1,1,3038208945,음성농협하나로마트,충북 음성군 음성읍 설성로 69,충북 음성군 음성읍 읍내리 366-19,3247028,4377025021,2023-06-30 20:56,1,17020,,
g_g002048,캠핑요리 재료,2,1,,음성농협하나로마트,,,,,2023-06-30 17:39,1,13220,,
g_g002059,던킨도너츠,0,3,,던킨도너츠,던킨장안중앙점,,,,,1,15500,,1123010600
g_g002078,칫솔,1,1,2962600858,이마트24,전북 익산시 동서로21길 46,전북 익산시 신동 743-1,4607277,4514012100,2023-06-10 04:58,1,5600,2080칫솔오리지날,
g_g002098,부대찌개,1,3,2460902188,채선당 밀키트24,서울 마포구 대흥로30길 6-8,서울 마포구 대흥동 2-19,4139056,1144010800,2023-06-16 11:36,1,9900,부대찌개(3인분),
g_g002109,떡 롤케이크 주유소 주유비 숙박비,1,3,8158101244,십일번가 주식회사,서울 중구 한강대로 416,,2005005,1114011800,2023-06-15 10:50,1,12900,삼립 베스트 냉동 롤케익2박스 (실키/블루베리),
g_g002109,떡 롤케이크 주유소 주유비 숙박비,2,3,8158101244,11번가,서울 중구 한강대로 416,서울 중구 남대문로5가 541,2005005,1114011800,2023-06-14 09:15,1,9950,자연치즈듬뿍/더블치즈떡 외 3종 골라담기,
g_g002109,떡 롤케이크 주유소 주유비 숙박비,3,3,2208183676,주식회사 지마켓,서울 강남구 테헤란로 152,서울 강남구 역삼동 737,3122010,1168010100,2023-06-05 00:00,1,55000,숙박세일 금호화순리조트,
g_g002152,유람선 이용권,1,3,6218614983,주식회사 해마여행,부산 해운대구 마린시티3로 1,부산 해운대구 우동 1434,3133005,2635010500,2023-06-21 00:00,1,39000,단양_도담삼봉유람선 승선권,
g_g002177,캠핑장작,1,1,8168802283,(주)우드랩,충북 진천군 백곡면 문사로 504,충북 진천군 백곡면 사송리 623-2,3245004,4375034029,2023-06-27 13:34,1,9500,[우드랩]참나무 불멍 미니 마른 땔감 캠핑용 장작,
g_g002207,과자 음료수 물 과일,0,4,,대전 유성 홈플러스익스플러스,홈플러스 익스프레스,,,,,3,25000,,3020011500
g_g002222,간단한 음료.과자를 구입함,1,3,2068650913,이마트,경북 경산시 옥산로 227,경북 경산시 중산동 623,3313051,4729011000,2023-06-30 10:57,1,92660,크라운 과자 10개 골;롯데칠성 6+1캔 골라;아침에감귤;청정원 순창쌈장;오뚜기 옛날자른당면3,
g_g002232,버스 예매,1,2,1388128578,(주)동양고속,서울 서초구 신반포로 194,서울 서초구 반포동 19-4,3121017,1165010700,2023-06-16 23:57,1,32200,버스표,
g_g002232,버스 예매,2,2,1048125831,(주)삼화고속,서울 중구 세종대로 135,서울 중구 태평로1가 61-1,2005001,1114010300,2023-06-24 15:13,1,32200,버스표 ,
g_g002233,숯 맥주 새우,1,2,1078163829,(주)코스트코 코리아,충남 천안시 서북구 3공단6로 77,충남 천안시 서북구 차암동 438,3250070,4413310600,2023-06-21 17:26,3,75230,통먹태포;해동흰다리새우;파울라너밀맥주;파이어폭스숯,
g_g002245,고기와 간식,0,10,,홈플러스,390-1,,,,,1,104060,,4122010200
g_g002258,캠핑용품,1,6,2138152063,(주)아성다이소,대전 동구 대전로 417,대전 동구 가오동 374-3,3010002,3011010500,2023-06-27 13:30,1,20500,어린이타투스티커;폭발방지부탄가스;원형손잡이접시;손잡이원형볼;캠핑(BG)멀티컵세트,
g_g002273,돼지고기. 과자류. 음료류. 생수. 쌈장 등등,1,4,5024015188,에코축산,전북 전주시 덕진구 세병로 134,전북 전주시 덕진구 송천동2가 1345,3351483,4511312200,2023-06-17 15:03,1,47800,암돼지목살(국내산),
g_g002273,돼지고기. 과자류. 음료류. 생수. 쌈장 등등,2,4,3584300769,CU,전북 전주시 덕진구 세병로 134,전북 전주시 덕진구 송천동2가 1345,3351483,4511312200,2023-06-17 00:00,1,3600,아이시스;,
g_g002273,돼지고기. 과자류. 음료류. 생수. 쌈장 등등,3,4,1831401053,듬뿍마트,전북 전주시 덕진구 세병로 174-12,전북 전주시 덕진구 송천동2가 1301-1,3351483,4511312200,2023-06-17 14:42,1,50520,재사용봉투20L;빅마시멜로우;누드초코빼빼로;튀김우동컵;클라우드캔,
g_g002416,음식,0,4,,동탄이마트,44,,,,,1,150000,,4159012800
g_g002438,커피,1,5,5588500656,(주)한남 여산(순천방향)휴게소,전북 익산시 여산면 호남고속도로 191,,1000012,4514039024,2023-06-30 20:58,1,18900,"부경)맛밤3,500;푸른)스타벅스카페라떼270;디에)비타500젤리;부경)베지밀비병;해태)자몽소다1,700",
g_g002441,빵,1,4,2780701557,브레드앤밀 위드커피,경기 화성시 동탄순환대로20길 13,경기 화성시 목동 477,4852378,4159013400,2023-06-30 15:23,1,34500,옥수수치즈식빵;크렌베리호두식빵;초코식빵;아메리카노(ICED),
g_g002460,간식,1,2,1124500279,대백마트,대구 서구 달서로 108,대구 서구 비산동 329-2,3143002,2717010200,2023-07-01 00:00,1,9290,펩시제로슈거;추억의먹거리(소라형);칠성사이다제로;롯데황금보리;백산수,
g_g002465,전북투어패스.전주난장입장권,0,2,,전주난장,33-20,,,,,1,63600,,4511110900
g_g002475,관광곤도라티켓,1,4,2078802039,에이치투오코리아 주식회사,서울 강남구 논현로98길 22,서울 강남구 역삼동 670-1,4166209,1168010100,2023-06-22 16:35,1,72000,A02.[주말/왕복]대인,
g_g002543,콘서트 입장권,1,2,4178206101,GS칼텍스예울마루,전남 여수시 예울마루로 100,전남 여수시 시전동 1002,3282088,4613013200,2023-04-26 23:48,1,27000,브런치콘서트 관람권,
g_g002552,음료,0,3,,세븐일레븐용산아이파크몰점,40-999,,,,,1,4400,,1117012800
g_g002554,백제문화단지 입장료,1,1,7398500798,백제문화단지,충남 부여군 규암면 백제문로 455,,3259079,4476031026,2023-06-17 19:49,3,7200,입장권 ,
g_g002565,커피,0,1,,스타벅스,시민대로 373,,,,,4,6900,,4117310200
g_g002570,캠핑장에서 먹을 음식,1,2,2208160348,홈플러스,대전 유성구 한밭대로 502,대전 유성구 봉명동 669,2010004,3020011100,2023-06-22 19:32,1,50030,오징어짬뽕소컵;지금한끼불고기김밥;미니새송이버섯;친환경_깻잎_봉;컷팅양배추(국산),
g_g002585,라면 과자 음료,1,3,8221501868,GS25,전북 전주시 덕진구 세병로 137,전북 전주시 덕진구 송천동2가 1307,3351483,4511312200,2023-06-23 19:47,1,29160,전주종량20L;김치왕뚜껑대컵;팔도왕뚜껑대컵;뿌셔뿌셔치킨맛;허니버터칩,
g_g002593,식사 (고기 쌈 버섯),1,4,2208160348,홈플러스,경기 남양주시 별내3로 64-7,,3197089,4136011100,2023-06-19 14:19,1,36850,모둠쌈(팩);산지그대로_팽이버섯;뿌리손질새송이버섯;보리먹인 돼지삼겹,
g_g002616,수박;복숭아;자두,0,2,,다드림마트,163-1,,,,,1,45000,,4137010200
g_g002620,우대갈비,1,1,2628602008,소소한형제,서울 성동구 청계천로10다길 14,서울 성동구 마장동 450-1,4109526,1120010500,2023-06-13 00:00,1,57500,[캠핑고기]우대갈비;배송비,
g_g002622,저녁 식사 물품,1,4,4941901865,CU,충남 보령시 머드로 157,충남 보령시 신흑동 2226-9,3252015,4418011000,2023-06-28 16:04,1,43400,미네랄워터;친환경봉투판매용;켈리P;복숭아제로아이스;포카리스웨트 캔,
g_g002622,저녁 식사 물품,2,4,3138200687,대천농협 해수욕장지점,충남 보령시 머드로 111,충남 보령시 신흑동 2271-1,3252015,4418011000,2023-06-28 15:49,1,50460,종이컵(수퍼);친환경위생접시;칠성사이다;순창궁발아콩양념쌈장;코카콜라,
g_g002624,컵라면;물등,0,3,,진로마트,1318,,,,,1,13230,,4127110300
g_g002658,롯데마트 장보기,0,4,,롯데마트 청량리점,588-1,,,,,1,73890,,1123010400
g_g002711,케이크,1,4,2580101361,뚜레쥬르,충북 충주시 염밭로 118,충북 충주시 안림동 1129-14,3238047,4313012200,2023-06-17 12:57,1,24000,블루베리 라벤더케이크,
g_g002719,의류(원피스 1; 반팔티 2); 과자(초코송이 24입),0,2,,이마트 트레이더스,고속철대로 133,,,,,1,63440,,4420025300
g_g002735,햄버거 음료,0,1,,고속터미널 노브랜드버거,19-4,,,,,1,10100,,1165010700
g_g002760,음료 상추 물 등,1,4,2248200499,원주신림농협하나로마트,강원특별자치도 원주시 신림면 제원로 1432,강원특별자치도 원주시 신림면 신림리 692-1,3239088,5113039021,2023-06-24 14:50,1,34070,롯데 아이시스;켈리(캔);해찬들 찍장 오리지널;얼려먹는 야구르트 샤인머스캣;마늘,
g_g002764,구명조끼,1,3,8708801143,(주)에스에스지닷컴,서울 강남구 테헤란로 231,서울 강남구 역삼동 676,3122010,1168010100,2023-06-13 10:50,1,33040,(BUFFALO) 프리미엄 블랙라벨 구명조끼,
g_g002764,구명조끼,2,3,8708801143,(주)에스에스지닷컴,서울 강남구 테헤란로 231,서울 강남구 역삼동 676,3122010,1168010100,2023-06-13 10:50,1,16320,프리미엄 블랙라벨 구명조끼,
g_g002793,기름,1,2,4031592358,배산주유소,전북 익산시 동서로 147,전북 익산시 모현동2가 24-3,3269008,4514011500,2023-07-07 10:05,1,50000,주유비 ,
g_g002811,고속버스승차권 왕복,1,1,8998702113,금호익스프레스(주),울산 남구 삼산로 288,,3170026,3114010600,2023-06-16 10:34,1,24700,버스표,
g_g002811,고속버스승차권 왕복,2,1,8998702113,금호익스프레스(주),울산 남구 삼산로 288,,3170026,3114010600,2023-06-15 12:44,1,24700,버스표,
g_g002827,아쿠아플라넷,0,2,,아쿠아플라넷,전남여수이 오동도로61-11,,,,,5,40000,,4613010200
g_g002833,간식 빵,1,5,2231030260,썬베이커리,광주 북구 매곡로 36-4,광주 북구 매곡동 44-34,3162014,2917011700,2023-06-24 12:14,1,19500,햄치즈토스트;감자치즈깜파뉴;호밀 바게트;두부치아바타샐러드;수제불고기버거,
g_g002837,캠핑 음식,0,2,,주식회사컬리,테헤란로 113 18층,,,,,1,42700,,1168010100
g_g002838,식료품,0,8,,홈플러스,대전 유성구 한밭대로 502 홈플러스,,,,,1,105000,,3020011100
g_g002842,유아수영복,0,4,,로로샤 아동용 스테이 래쉬가드 + 워터레깅스 + 비치웨어 5부팬츠 세트 ;궁중비책썬크림썬크림,,,,,,1,40460,,1129010300
g_g002842,유아수영복,1,4,1208800767,쿠팡(주),서울 송파구 송파대로 570,서울 송파구 신천동 7-30,2005011,1171010200,2023-06-17 00:00,1,40460,궁중비책 프레시 선스틱;로로샤 아동용 스테이 래쉬가드+워터레깅스+비치웨어 5부팬츠 세트,
g_g002854,KTX티켓,1,4,3148210024,한국철도공사,대전 동구 중앙로 240,,3164033,3011011300,2023-06-01 07:41,3,117600,기차권,
g_g002854,KTX티켓,2,4,3148210024,한국철도공사,대전 동구 중앙로 240,,3164033,3011011300,2023-06-02 10:07,3,116800,기차표,
g_g002874,마트,1,5,7698701531,주식회사 오창할인마트,충북 청주시 청원구 오창읍 공항로 1033-23,,3236064,4311425331,2023-06-24 09:36,1,103310,바베큐태망 대;진로참이슬후레쉬(PET);코카콜라PET;농심-신라면 멀티;막창소스,
g_g002874,마트,2,5,1315000411,세븐일레븐,충북 청주시 청원구 오창읍 주성3길 1,충북 청주시 청원구 오창읍 주성리 325,4571748,4311425332,2023-06-24 09:46,1,13500,오비)버드와이저;K)레종블루,
g_g002891,소고기; 해산물,0,12,,이마트 춘천점,511,,,,,1,352000,,4211012100
g_g002903,먹거리,1,4,7188502033,(주)정감유통(사러가),인천 서구 가정로 369,인천 서구 신현동 272-1,3156005,2826010900,2023-06-30 20:33,1,20050,오리온)최고스낵기획 4번들;해태)구운감자;파채;청상추;한성)비바크부어스트,
g_g002933,음료수 2병과 과자 한봉지,1,2,6040400659,GS25,광주 서구 상무오월로 41-1,광주 서구 쌍촌동 1362-13,3160021,2914011800,2023-06-18 11:45,1,4200,자연은 말린복숭아;자연은 말린자몽;포카칩 양파,
g_g002949,김밥,1,4,3113500479,선비꼬마김밥,대전 유성구 원내로 41,대전 유성구 원내동 321-10,3167055,3020010100,2023-07-08 09:51,1,9000,꼬마김밥 5줄 ,
g_g002953,돼지고기 목살; 막창,0,4,,마켓컬리,탕정면로37 인터넷쇼핑,,,,,1,31740,,4420033000
g_g002955,헤레디움 입장권,1,1,1198212067,헤레디움,대전 동구 대전로 735,대전 동구 인동 74-1,3010002,3011010200,2023-06-21 11:00,1,0,입장권,
g_g002963,기차표,1,1,3148210024,한국철도공사 ,대전 동구 중앙로 240,,3164033,3011011300,2023-06-26 01:42,3,8100,기차표,
g_g002963,기차표,2,1,3148210024,한국철도공사,대전 동구 중앙로 240,,3164033,3011011300,2023-06-22 09:58,3,8100,기차표,
g_g002975,청풍호 모노레일 티켓,1,2,,청풍로프웨이(주),충북 제천시 청풍면 문화재길 166,충북 제천시 청풍면 물태리 98-2,4517348,4315032041,2023-06-19 00:00,1,36000,2023 청풍호 관광모노레일 이용권 ,
g_g003019,식품,1,10,3053356125,상록수마트,대전 동구 동대전로248번길 33,,4292176,3011011400,2023-07-09 00:00,1,84360,종이컵;웅진)요거사과+요거복;포스틱;해태)맛동산(실속업);농심)양파링,
g_g003043,패러글라이딩 체험,1,2,6765400760,단양페러글라이딩,충북 단양군 가곡면 두산길 196-54,충북 단양군 가곡면 사평리 246,4544141,4380032021,2023-06-03 00:00,1,170000,패러글랑딩 이용권,
g_g003058,사전티켓,1,1,,대전 이스포츠경기장,,,,,2023-04-02 00:00,1,3000,관람권,
g_g003059,음료 및 간식,1,2,3041029363,남제천마트,충북 제천시 금성면 청풍호로 1026,충북 제천시 금성면 구룡리 466-48,3239070,4315031021,2023-06-25 08:22,1,14000,행사상품;포카칩 ,
g_g003059,음료 및 간식,2,2,3041029363,남제천마트,충북 제천시 금성면 청풍호로 1026,충북 제천시 금성면 구룡리 466-48,3239070,4315031021,2023-06-25 08:23,1,4000,곰표떡밥,
g_g003059,음료 및 간식,3,2,3049035907,코사마트정육(제천금성),충북 제천시 금성면 청풍호로 1023,충북 제천시 금성면 구룡리 436-26,3239070,4315031021,2023-06-25 08:26,1,4000,,
g_g003065,홍삼정,0,1,,정관장 신세계백화점 강남점,19-3,,,,,1,316000,,1165010700
g_g003067,숙박,0,1,,순천노블호텔,152-15,,,,,1,45000,,4615011100
g_g003086,소고기; 초장; 술; 맥주; 칠리새우; 옥수수콘; 치즈; 물,0,2,,이마트 둔산점,959-2,,,,,1,62060,,3017011200
g_g003090,자동차 주유,1,2,7558502240,제이에너지(주)남이주유소,충북 청주시 서원구 남이면 청남로 1625-3,충북 청주시 서원구 남이면 가좌리 68,3236067,4311231036,2023-06-22 06:51,1,61960,주유비,
g_g003101,아이스 아메리카노,0,1,,더리터 논산시청점,충남 논산시 시민로 194번길 28,,,,,3,2000,,4423010900
g_g003104,리조트숙박 사전예약,0,3,,부여리조트,백제문로 400,,,,,1,195960,,4476031000
g_g003121,버스표,1,1,,(주)대원고속,경기 광주시 광주대로 171,경기 광주시 송정동 221,2211001,4161010300,2023-06-28 08:53,1,8700,버스비,
g_g003130,장보기 저녁식사 점심 커피,1,10,3462301525,기대만족,세종특별자치시 도움1로 105,세종특별자치시 종촌동 690,3258080,3611011100,2023-06-25 19:01,1,38000,,
g_g003130,장보기 저녁식사 점심 커피,2,10,8570402872,청년다방,세종특별자치시 달빛로 43,세종특별자치시 종촌동 668,3258103,3611011100,2023-06-25 18:55,1,25000,(배)로제쿨다방세트,
g_g003130,장보기 저녁식사 점심 커피,3,10,3678501840,하나로마트,세종특별자치시 도움1로 108,세종특별자치시 종촌동 673,3258080,3611011100,2023-06-25 15:13,1,34950,롯데)비스킷기획6번들;흑수박/공주;코카콜라;코크미닛메이드오렌지;제주삼다수,
g_g003130,장보기 저녁식사 점심 커피,4,10,2610202096,메가커피,세종특별자치시 도움1로 106,세종특별자치시 종촌동 672,3258080,3611011100,2023-06-25 15:23,1,11400,[포장](ICE)카페라떼;[포장](ICE)흑당버블밀크티라떼,
g_g003130,장보기 저녁식사 점심 커피,5,10,5277500240,더 빠스타스 스튜디오,세종특별자치시 달빛로 43,세종특별자치시 종촌동 668,3258103,3611011100,2023-06-25 14:35,1,85900,알리올리오;까르보나라;명란로제빠네;비프머쉬룸리조또;마르게리타;스프라이트,
g_g003177,마트 고기,0,8,,마트,마트,,,,,1,240540,,1174010500
g_g003192,도시락,1,2,,한솥도시락,,,,,2023-06-24 10:22,1,10500,(BEST)스팸 김치볶음밥;(추천)반찬 치킨(5개),
g_g003193,패러글라이딩 네이버 결제(추후 가게에서 추가금액  한 번 더 결제함),1,1,5638802448,(주)패러이야기,충북 단양군 가곡면 두산길 188,충북 단양군 가곡면 사평리 234-2,4544141,4380032021,2023-06-27 11:25,1,88720,단양 패러글라이딩 패러 이용 예약 체험 티켓,
g_g003202,양갈비 새우 빵 과일,1,5,1078163829,(주)코스트코 코리아,경기 용인시 기흥구 탑실로 38,경기 용인시 기흥구 공세동 734-1,3204075,4146310700,2023-07-01 10:33,1,294040,해동흰다리새우;프리미엄회덮밥;호주산양고기갈비;델몬트 바나나;미국산체리,
g_g003210,주유,0,2,,유한회사대성주유소,127-114,,,,,1,50000,,4611010400
g_g003224,바베큐용 고기; 쌈채소; 음료; 주류; 간식,0,2,,조은고기판매장; 와이파트 각화군왕로점,323-7,,,,,1,29610,,2917011300
g_g003235,시외버스 승차권,0,2,,티머니,354-1 천안고속터미널,,,,,1,11400,,4413111800
g_g003243,차량 가스충전,1,2,6303001199,새만금충전소,전북 군산시 월명로 112,전북 군산시 지곡동 2-6,3268088,4513014300,2023-06-20 16:04,1,29960,주유비,
g_g003246,연극티켓,1,2,,ROM 뮤지컬컴퍼니,,,,,,1,30000,관람권,
g_g003246,연극티켓,2,2,,황금거위(대전),,,,,2023-06-25 12:00,1,30000,관람권,
g_g003290,주유,1,4,7808200117,강내농협주유소,충북 청주시 흥덕구 강내면 가로수로 570,,3014012,4311331034,2023-06-25 12:03,1,40000,주유비,
g_g003320,귤,0,2,,영암마트,금봉로,,,,,3,8000,,2920010900
g_g003329,편의점에서 컵라면;삼각김밥;햇반,0,4,,지에스25(독산쌈지),독산로80길13 지상1층,,,,,3,20100,,1154510200
g_g003352,해물탕 재료,1,1,2208160348,홈플러스,충남 천안시 동남구 신촌1길 23,충남 천안시 동남구 신방동 784-9,4547457,4413111600,2023-07-01 21:30,1,17990,연안식당해물탕,
g_g003359,숙소에서 먹을 음식,0,2,,트레이더스,1760,,,,,1,200000,,4420025331
g_g003369,광주 비엔날레 전시 티켓,0,2,,광주 비엔날레,1022-3,,,,,1,26000,,2917010700
g_g003376,영양바 . 복숭아아이스티2,0,2,,영암마트,금봉로,,,,,1,11900,,2920010900
g_g003398,저녁을 위한 먹거리,1,6,2208160348,홈플러스,전북 김제시 금성로 114,전북 김제시 검산동 838,3272008,4521010400,2023-07-07 22:42,1,109910,무라벨맑은샘물;빙그레피자치즈;하이트진로_참이슬_3;홈플뻥이요오리지널;소주컵,
g_g003516,캠핑장 예약,2,2,4852000500,계룡산글램핑 파크오브드림,충남 공주시 반포면 동학사1로 46,,3251009,4415034033,2023-06-29 15:44,3,76000,BarBQYaho(3time) Y1동,
g_g003526,고속버스,0,2,,전국고속버스운송,가리내로 70 전주고속버스터미널,,,,,1,16400,,4511310700
g_g003541,삼겹살,1,2,8693400350,참조은고깃간,경기 군포시 군포로 497,경기 군포시 당동 771-10,3200004,4141010100,2023-07-01 17:44,3,18000,돼지고기,
g_g003559,먹거리,1,4,1238528517,롯데마트,경기 의왕시 계원대학로 7,경기 의왕시 내손동 743,3201007,4143010700,2023-07-05 21:38,1,109660,오늘좋은 오리지널&카라멜 팝콘;요리하다X농가맛집 소고기버섯전골;호주산 와규 5초 구이(냉동);농심 매운새우깡;고래사 꼬치어묵,
g_g003570,아쿠아슈즈; 물총; 과자,0,2,,다이소,푸른들판로 661-4,,,,,1,12000,,4159036000
g_g003572,청풍호 관광 모노레일 탑승권,1,2,8248102515,(주)인터파크트리플,서울 강남구 삼성로 512,,3122005,1168010500,,1,24000,2023 청풍호 관광 모노레일 이용권,
g_g003576,삼겹살;목살; 술;밥;음료; 닭꼬치; 버섯;야채,0,2,,이마트 광주점,광주광역시 서구 죽봉대로 61,,,,,1,100220,,2914011500
g_g003583,스노쿨링장비,1,2,5175600602,그린주닉,경기 광주시 광주역8로 14,경기 광주시 역동 388,3353086,4161011200,2023-07-26 18:39,1,31800,커넥티아 스노클링 세트,
g_g003586,과일; 간식거리,0,4,,고서농협로컬푸드매장,가사문학로 342-3,,,,,3,15000,,4671032000
g_g003623,숙박에 필요한 음식,4,5,2780401901,GS25,충북 청주시 흥덕구 옥산면 오송가락로 1056,충북 청주시 흥덕구 옥산면 가락리 981,3240054,4311332025,2023-07-08 10:46,1,15500,타이거레몬캔;사조구운소금;태양초고추골드,
g_g003665,물놀이용품,2,1,2208183676,주식회사 지마켓,서울 강남구 테헤란로 152,서울 강남구 역삼동 737,3122010,1168010100,,1,70000,베스트웨이 성인용 물놀이 라운드 원형 튜브 수영 용품,
g_g003718,간식,1,3,5131044444,GS25,경북 구미시 산호대로27길 17,경북 구미시 옥계동 632-4,4724397,4719012800,2023-07-08 11:25,3,10600,초코빼빼로지함;삼겹살쌈밥김밥;키커바시리얼;마이쮸사과;킨더초콜릿,
g_g003807,부탄,1,3,6384300345,명성가스충전소,광주 광산구 사암로 896,,3163014,2920011200,2023-07-08 13:31,1,34338,주유비,
g_g003810,옷,1,1,5811000599,히니크,서울 성북구 지봉로20길 57,서울 성북구 보문동5가 116-2,4121691,1129012700,2023-07-21 00:00,1,56600,자블 셔츠;155cm노마드 하프 슬랙스,
g_g003821,온천수영장입장권,1,3,1138521083,엔에이치엔케이씨피 주식회사,서울 구로구 디지털로26길 72,서울 구로구 구로동 222-22,4148327,1153010200,2023-07-10 16:11,1,46920,,
g_g003871,공연티켓,1,4,8248102515,주식회사 인터파크,서울 강남구 삼성로 512,,3122005,1168010500,2023-06-07 00:00,3,165000,싸이흠뻑쇼 입장권 ,
g_g003874,교통비 (서울 남부시외버스터미널 - 부여시외버스터미널),1,1,1048183559,㈜티머니,서울 중구 후암로 110,서울 중구 남대문로5가 581,3101024,1114011800,2023-07-05 06:43,1,18000,버스비,
g_g003874,교통비 (서울 남부시외버스터미널 - 부여시외버스터미널),3,1,1048183559,㈜티머니,서울 중구 후암로 110,서울 중구 남대문로5가 581,3101024,1114011800,2023-07-05 00:00,1,18000,버스비,
g_g003906,주유,0,2,,서산주유소,서산휴게소(목포방향),,,,,1,20000,,4421039000
g_g003956,국립중앙과학관 천체관 관람,0,4,,국립중앙과학관,32-2,,,,,1,6000,,3020012400
g_g003965,칫솔 치약,0,2,,김포공항 롯데몰,김포공항 롯데마트,,,,,2,10000,,1150010800
g_g003990,고속버스 티켓,0,1,,센트럴시티 터미널호남선,176,,,,,1,24400,,1165010700
g_g004025,차에서먹을 점시및 간식거리,0,3,,Cu,,,,,,4,9500,,4136036000
g_g004066,아침식사나 간식,1,3,2208160348,홈플러스,전북 익산시 무왕로 1035,전북 익산시 영등동 831-1,3016011,4514012200,2023-07-31 18:34,1,94210,테라캔;제로후르츠젤리;포카리스웨트;팔도비빔면;카스타드기획팩,
g_g004101,군산지역상품권(모바일),0,4,,농협,모바일 구매,,,,,3,63000,,1114017000
g_g004103,숙박비,0,4,,충청북도산림환경연구소,미원리20,,,,,5,90000,,4311132000
g_g004139,야채 과일 고기,1,8,2208160348,홈플러스,서울 강서구 화곡로 398,서울 강서구 등촌동 639-11,3005069,1150010200,2023-07-26 11:38,1,227860,일품포크 돼지 삼겹살;USDA초이스 살치살(미국산);진짜!한돈 양념 돼지 LA갈비;오리온 꼬북칩 초코츄러스맛;크라운 소복소복 소보로,
g_g004152,고기 상추 쌈장 부탄 가스 술 음료수 과자,0,4,,중앙식자재마트 호매실점,호매실로90번길 20,,,,,1,82460,,4111313500
g_g004231,음료수,0,1,,Cu편의점 천안역점,천안역,,,,,1,6500,,4413110100
g_g004239,물,1,1,1078657147,스토리웨이,부산 동구 중앙대로196번길 16-8,부산 동구 초량동 1203-5,4181413,2617010100,2023-07-29 08:52,1,950,농심)백산수 ,
g_g004318,거기 야채 쌈장 꼬치 술 라면 묵사발 김치 커피 얼음컵,1,2,1244577179,오렌지마트,경기 수원시 권선구 동수원로146번길 27,경기 수원시 권선구 곡반정동 516-2,4325192,4111313600,2023-07-21 20:34,1,25320,수박;삼양)불닭볶음탕면;비닐봉투;순창고기전용쌈장;영성)맛김치,
g_g004318,거기 야채 쌈장 꼬치 술 라면 묵사발 김치 커피 얼음컵,2,2,1803200059,CU,경기 수원시 영통구 권선로882번길 107-50,경기 수원시 영통구 신동 973,4848227,4111710600,2023-07-21 20:13,1,16600,배상면)심술7도;친환경)CU백색봉투대,
g_g004318,거기 야채 쌈장 꼬치 술 라면 묵사발 김치 커피 얼음컵,3,2,2068650913,트레이더스 홀세일 클럽,경기 수원시 영통구 삼성로 2,,3177009,4111710600,2023-07-21 19:53,1,90140,호주산냉장와규(F1)구이용;TS숯불데리야끼닭꼬치;한생 도토리묵사발,
g_g004329,콘서트관람권,1,2,1048145690,CGV ,전북 전주시 완산구 용머리로 45,,3266053,4511114000,2023-07-30 13:18,1,0,관람권,
g_g004329,콘서트관람권,2,2,,CGV,전북 전주시 완산구 용머리로 45,,3266053,4511114000,2023-07-11 00:00,1,110000,관람권 ,
g_g004380,주유,0,1,,이천강가주유소,신원리 558-51,,,,,1,50000,,4150025323
g_g004398,주유비,0,4,,서남부주유소,차량주유,,,,,1,50000,,3020010100
g_g004420,Itx 왕복권 (서울-천안),1,1,3148210024,한국철도공사,대전 동구 중앙로 240,,3164033,3011011300,2023-07-21 13:27,3,9300,기차표 ,
g_g004420,Itx 왕복권 (서울-천안),2,1,3148210024,한국철도공사,대전 동구 중앙로 240,,3164033,3011011300,2023-07-29 17:49,3,9300,기차표 ,
g_g004446,물,0,2,,씨유,봉영로1517번길73,,,,,1,1000,,4111710500
g_g004492,전주동물원,0,2,,전주동물원,전북 전주시 덕진구 소리로 68 전주동물원,,,,,4,6000,,4511310500
g_g004516,커피,1,2,2093306007,세븐일레븐,전북 군산시 개정면 모갱이1길 55,전북 군산시 개정면 아동리 686-5,4604319,4513036021,2023-07-29 10:33,1,5000,주문하신카라멜마끼야또;주문하신초코라떼;주문하신커피쿠키라떼,
g_g004556,버스 티켓,1,2,6988800163,동광고속,,,,,2023-07-28 15:07,1,12600,버스표,
g_g004578,고기 채소 새우,1,6,5388500007,농협하나로마트,광주 광산구 임방울대로 261,광주 광산구 신가동 1052,2009005,2920011900,2023-08-01 18:11,1,73630,상추와깻잎;알배기배추;켈리(캔);흰다리새우;프로포크삼겹,
g_g004621,식료품,0,8,,농가마트,충남 천안시 동남구 풍세로 763,,,,,3,200000,,4413111500
g_g004622,감자탕 식사,1,3,1450702654,종로감자탕,전남 영암군 삼호읍 대불주거로 71,전남 영암군 삼호읍 용앙리 416-5,3295043,4683025326,2023-07-29 09:27,1,39000,감자탕 (중);공기밥;수제비 ,
g_g004701,과일;소고기;과자;음료,0,6,,마켓탑 마트,마켓탑 구로점,,,,,1,95000,,1153010200
g_g004723,고속버스 승차권,1,2,2208742885,주식회사 야놀자,서울 강남구 테헤란로108길 42,서울 강남구 대치동 1003,4166713,1168010600,2023-08-02 00:36,1,21660,버스표,
g_g004723,고속버스 승차권,2,2,2208742885,(주)야놀자 ,서울 강남구 테헤란로108길 42,서울 강남구 대치동 1003,4166713,1168010600,2023-08-03 00:04,1,19660,버스표,
g_g004740,케이크,0,2,,옥뜨,435-6,,,,,5,26000,,3020011100
g_g004822,빵 커피,1,3,2241689349,비베이커리,강원특별자치도 원주시 단관초교길 12,강원특별자치도 원주시 관설동 1705-12,4457133,5113011600,2023-08-12 09:49,1,7500,치즈브리오슈;추억의야채빵;우유크림빵,
g_g004955,고속버스티켓,1,4,8998702113,금호익스프레스(주),울산 남구 삼산로 288,,3170026,3114010600,2023-07-22 18:03,1,114400,버스표,
g_g004955,고속버스티켓,2,4,2198101636,(주)중앙고속,경기 화성시 풀무골로 1,경기 화성시 영천동 651-866,3210155,4159013100,2023-07-22 18:03,1,102800,버스표,
g_g004977,쿠팡 이용하여 방울토마토,0,2,,쿠팡,,,,,,1,8370,,4375032000
g_g005034,영화표,1,2,3178503862,CGV,충북 청주시 상당구 상당로81번길 63,충북 청주시 상당구 서문동 29-2,4508335,4311110900,2023-08-05 13:40,1,30000,관람권,
g_g005080,수영복,1,1,5248601528,네이버파이낸셜 주식회사 ,경기 성남시 분당구 정자일로 95,경기 성남시 분당구 정자동 178-4,3180021,4113510300,2023-08-04 00:00,1,17500,벨리프 L0930 여자 워터레깅스 팬츠  블랙 S-XL,
g_g005094,고기ㆍ김밥ㆍ일회용품등,0,8,,대구서문시장,,,,,,1,327340,,2711015400
g_g005243,여수 아쿠아플라넷+해상케이블카 티켓,1,2,5668701096,(주)위메프,서울 강남구 영동대로 502,,2122002,1168010500,2023-08-02 00:00,1,89000,여수 아쿠아플라넷+해상케이블카,
g_g005250,와인,1,2,1138534012,(주)비니더스코리아,경기 안양시 만안구 덕천로152번길 25,경기 안양시 만안구 안양동 1432,4346052,4117110100,2023-08-07 18:41,1,52000,칼루사리 리제르바;와인,
g_g005282,와인,1,2,8368501991,와인앤모어,서울 마포구 양화로 45,서울 마포구 서교동 490,3113014,1144012000,2023-09-07 20:28,1,38100,로달리 모스카토 다스티;(POS)1본입상용케이스,
g_g005297,음료 및 계란,1,2,3128540595,롯데슈퍼,충남 천안시 동남구 신부7길 5-1,,4547445,4413111800,2023-08-31 22:16,1,11970,빙그레따옴(사과);오늘좋은콜라제로1.5L;무항생제판계란/30입/대란,
g_g005303,소고기,1,2,5559701362,홍성광천한우직판장,경기 용인시 수지구 현암로 82,경기 용인시 수지구 죽전동 1208-1,3205022,4146510200,2023-08-12 10:01,1,117400,,
g_g005377,음식,1,2,3258701966,(주)와이마트,광주 남구 금당로 43,,3161002,2915510800,2023-08-19 11:29,1,36440,백산수;재사용관급봉투;롯데)칠성사이다;팔도킹뚜껑;묵은지,
g_g005391,물/과일,1,2,4022021422,미니스톱,전북 전주시 완산구 경기전길 120,전북 전주시 완산구 교동 269-3,4598019,4511111800,2023-08-12 21:29,1,13100,아이시스8.0;2080세트;대추방울토마토(혜성);바나나(혜성);스캔)친환경비닐백색(중),
g_g005400,고기;숯;불판,0,2,,꽃보다한우,22-113,,,,,1,42160,,1159010200
g_g005554,영화표 예매,1,3,1048145690,CGV,충남 천안시 서북구 공원로 196,충남 천안시 서북구 불당동 1289,3250062,4413310800,2023-08-11 20:39,1,36000,관람권;CGV콤보;달콤팝콘,
g_g005581,음료,0,4,,여수마트,1002,,,,,1,8000,,4613010400
g_g005601,<팬텀싱어4> 콘서트 티켓,1,1,8248102515,주식회사 인터파크,서울 강남구 삼성로 512,서울 강남구 삼성동 157-1,3122005,1168010500,2023-06-14 00:00,1,154000,관람권,
g_g005704,케이크,1,2,5278800686,주식회사 카카오페이,경기 성남시 분당구 판교역로 166,경기 성남시 분당구 백현동 532,3179025,4113511000,2023-08-21 16:29,3,20000,,
g_g005709,요트투어,1,2,6173171156,부산요트타다,부산 해운대구 해운대해변로 52,부산 해운대구 우동 1393,3133043,2635010500,,1,59000,탑승권,
g_g005745,패러글라이딩 예약금,0,1,,코리아패러글라이딩,두산길 252,,,,,1,89000,,4380032000
g_g005791,기차표,1,1,3148210024,한국철도공사,대전 동구 중앙로 240,,3164033,3011011300,2023-09-03 22:04,3,15800,기차표 ,
g_g005791,기차표,2,1,3148210024,한국철도공사,대전 동구 중앙로 240,,3164033,3011011300,2023-08-24 23:38,3,19900,기차표,
g_g005794,식비(계곡에서 먹을 점심과 간식),1,4,1498101905,유한회사 아람식자재마트,광주 북구 설죽로 366,광주 북구 오치동 722,3162033,2917011500,2023-08-17 09:02,1,37400,농심 새우깡;관급봉투 20L;해태홈런볼4번들;웅진 코코몽딸기;맛있는구워먹는치즈바,
g_g005794,식비(계곡에서 먹을 점심과 간식),2,4,3662701401,자연숲 산수점,광주 동구 동계로 38,광주 동구 산수동 723,3159004,2911011000,2023-08-17 00:00,1,8700,농심)신라면큰사발;포도,
g_g005795,김밥,1,2,6351900701,백줄만죽,광주 광산구 목련로21번길 20,광주 광산구 산정동 1060,4289105,2920012700,2023-08-13 09:04,1,10300,,
g_g005808,팔튜브,0,1,,당근거래,미남역,,,,,5,6000,,2626010800
g_g005812,물안경,0,1,,실로암안경,경기 부천시 소사로 771 1층 실로암안경,,,,,3,23000,,4119012000
g_g005899,고속버스 승차권,0,3,,금호익스프레스(주),무진대로 904,,,,,1,62400,,2914011500
g_g005967,밥,1,1,2258506051,세븐일레븐,서울 강남구 광평로 지하 270,서울 강남구 수서동 728,3122002,1168011500,2023-08-25 20:58,1,7700,마루카네)감동란2입;남양)십칠차;풀무원)아임리얼딸기,
g_g005975,식료품;주류등,0,4,,이마트 화정점,이마트 화정점,,,,,1,58030,,4128112300
g_g006027,방수팩 2개,0,2,,다이소,852,,,,,1,10000,,2914013000
g_g006061,주유,1,3,1371850525,수현주유소,경기 김포시 월곶면 김포대로 2553,경기 김포시 월곶면 갈산리 466-14,2209001,4157035023,2023-08-16 17:50,1,37000,주유비,
g_g006092,과자 음료수 방수팩,1,2,2138152063,(주)아성다이소,경기 안양시 만안구 만안로 244,경기 안양시 만안구 안양동 88-1,3182003,4117110100,2023-08-14 19:00,1,8000,오리온포카칩오리지널;오레오초코크림;마주로스마트폰방수팩(고급평),
g_g006092,과자 음료수 방수팩,2,2,2138152063,(주)아성다이소,경기 안양시 만안구 만안로 244,,3182003,4117110100,2023-08-16 18:50,3,7500,광동밀싹보리차;귀여운 내친구 뽀로로딸기맛;롯데 꼬깔콘 고소한맛;해태 허니버터칩;하리보 스타믹스;오리온 초코송이,
g_g006096,공연티켓,1,2,2298137000,예스이십사(주),서울 영등포구 은행로 11,서울 영등포구 여의도동 15-15,3118025,1156011000,2023-07-18 12:02,3,35200,관람권,
g_g006163,돈마호크; 항정살; 볼살; 라면; 간식 등,0,4,,다모아디씨마트,,,,,,1,100000,,4420025300
g_g006190,전북투어패스,1,4,2068689631,주식회사엘에스컴퍼니,제주특별자치도 제주시 청사로 11,제주특별자치도 제주시 도남동 573-2,3349193,5011012900,2023-08-10 00:00,1,23600,[전북투어패스]통합이용권 ,
g_g006201,버스표,1,1,,속리산고속,충북 청주시 흥덕구 2순환로 1229,충북 청주시 흥덕구 가경동 1416,3014065,4311311300,2023-08-12 20:38,1,17200,버스표,
g_g006201,버스표,2,1,,속리산고속,충북 청주시 흥덕구 2순환로 1229,충북 청주시 흥덕구 가경동 1416,3014065,4311311300,2023-08-15 13:04,1,9100,버스표 ,
g_g006227,장보기,0,3,,군산롯데마트,전북 군산시 수송동210-1,,,,,1,107120,,4513014100
g_g006265,휴대용선풍기,0,1,,아트박스 광주점,광주 동구 충장로 81-3,,,,,1,19900,,2911013000
g_g006414,고무장갑 모종삽 팔토시,0,2,,다이소 등촌시장점,목동중앙북로 16-1,,,,,1,8000,,1147010200
g_g006460,기차 티켓,1,1,3148210024,한국철도공사,대전 동구 중앙로 240,,3164033,3011011300,2023-08-18 16:17,3,9200,기차표,
g_g006460,기차 티켓,2,1,3148210024,한국철도공사,대전 동구 중앙로 240,,3164033,3011011300,2023-08-21 12:12,3,71100,기차표,
g_g006460,기차 티켓,3,1,3148210024,한국철도공사,대전 동구 중앙로 240,,3164033,3011011300,2023-08-18 16:22,1,47400,기차표 ,
g_g006468,소노벨 오션어드벤쳐 입장권,1,2,2208796800,(주)스마트인피니,서울 강남구 압구정로42길 27,서울 강남구 신사동 643-22,4166523,1168010700,2023-08-27 00:00,1,72000,[하이시즌]천안 오션어드벤처 주중 대인권,
g_g006496,친척 한국야쿠르트이용권,0,1,,티몬,나리로57,,,,,1,85000,,3611010600
g_g006523,식료품,0,3,,이마트트레이더스 및 홈플러스,이마트 트레이다스 월평점,,,,,1,240000,,3017011300
g_g006677,주유,1,2,2190663386,삼화주유소,서울 송파구 백제고분로 125,서울 송파구 잠실동 222-31,3123006,1171010100,2023-08-07 11:13,1,50000,주유비,
g_g006777,삼겹살,1,4,1078163829,(주)코스트코 코리아,경기 하남시 미사강변중앙로 40,경기 하남시 풍산동 609,3202058,4145011000,2023-08-24 12:59,1,36990,미국산돈육삼겹살,
g_g006807,야구관람,1,3,,2023신한은행SOL KBO 리그,,,,,2023-08-12 00:00,3,40500,한화이글스 vs kt wiz 관람권,
g_g006842,술 음료외,0,7,,코스트코,217-6,,,,,1,100000,,1165010200
g_g006921,라마다짚트랙예약권,1,2,5288701094,(주)코어웍스,서울 송파구 백제고분로17길 52,서울 송파구 잠실동 208-3,4169169,1171010100,2023-08-29 22:35,1,56000,여수라마다 짚트랙,
g_g006971,기차승차권,1,2,3148210024,한국철도공사,대전 동구 중앙로 240,,3164033,3011011300,2023-09-01 00:00,3,12200,기차표 ,
g_g006971,기차승차권,2,2,3148210024,한국철도공사 ,대전 동구 중앙로 240,,3164033,3011011300,2023-09-02 00:00,3,15200,기차표,
g_g006971,기차승차권,3,2,3148210024,한국철도공사,대전 동구 중앙로 240,,3164033,3011011300,2023-09-03 00:00,3,15200,기차표 ,
g_g007120,간식(빵),1,2,8510802192,한상민과자점,인천 서구 이음대로 378,인천 서구 원당동 1041,2348252,2826011500,2023-09-09 11:17,1,12500,소금빵;에그토스트;흰둥이크림치즈빵,
g_g007152,야구티켓,1,1,,한화이글스파크,대전 중구 대종로 373,,3010004,3014011100,2023-08-31 17:06,1,15500,관람권 ,
g_g007209,바베큐 재료구매,1,2,,B마트 대전중구점,대전 동구 홍도로 11,대전 동구 홍도동 12,3010021,3011011700,2023-08-19 22:45,1,24860,청보 GAP 미니파프리카;페이장브레통 쁘띠게랑드버터;만인애 깐마늘;코타니 히말라야 소금;배달팁,
g_g007215,음식,1,4,4148200054,강진완도축협하나로마트본점,전남 강진군 강진읍 보은로 40,전남 강진군 강진읍 평동리 253,3293021,4681025026,2023-08-20 12:28,1,103600,스노우밸리생얼음;제주삼다수;365일 순수한 목장우유;롯데칠성사이다;롯데펩시콜라_제로슈거(펫),
g_g007231,삼겹살; 콜라; 버섯모듬,0,2,,홈플러스금천점,서울 금천구 시흥대로 391 삼성홈플러스,,,,,1,31660,,1154510200
g_g007330,주유(경유),1,2,5131490984,정품정량주유소,경북 구미시 장천면 낙동대로 1042,경북 구미시 장천면 상림리 1292-2,2308006,4719036023,2023-08-19 08:50,1,50000,주유비,
g_g007348,기차표 (ITX),1,1,3148210024,한국철도공사,대전 동구 중앙로 240,,3164033,3011011300,2023-08-28 09:22,1,16000,기차표,
g_g007348,기차표 (ITX),3,1,3148210024,한국철도공사,대전 동구 중앙로 240,,3164033,3011011300,2023-08-29 00:00,1,16000,기차표,
g_g007364,약과 및 호두정과,0,1,,편의점,,,,,,3,15000,,1111013300
g_g007373,빵 등 식비,1,4,2208160348,홈플러스,광주 동구 무등로 314,광주 동구 계림동 505-900,3009021,2911010900,2023-08-18 17:56,1,87200,블랙장바구니_대;미니롤케이크(애플);정통단판빵;생크림모카번;알프스 소금버터번,
g_g007374,티켓,1,4,2208159249,(주)동무해피데이즈,서울 마포구 백범로 116,,3005016,1144010900,2023-08-18 17:33,1,96000,콘도24 아산스파비스입장권,
g_g007386,커피,1,2,2018121515,스타벅스,광주 광산구 사암로216번길 38-16,광주 광산구 우산동 1585-5,4289187,2920010900,2023-08-26 15:09,1,10100,I-T)아메리카노;I-T)카페 라떼;3헤이즐넛시럽,
g_g007389,출발 전날주유소방문,1,4,5628100910,주식회사 현대셀프,전남 목포시 백년대로 202-1,전남 목포시 용해동 68,2281002,4611015900,2023-08-19 11:08,1,60000,주유비,
g_g007515,과자 음료수,1,1,1631201531,GS25,서울 구로구 개봉로17나길 33,서울 구로구 개봉동 323-33,4148036,1153010700,2023-08-22 16:04,1,11600,스프라이트;포테이토잭슨;농심)양파링;육개장사발면;튀김우동큰사발,
g_g007536,먹을것들을 구매하여 먹었음,1,1,6744800803,해님빈대떡,충남 예산군 예산읍 형제고개로 967,,3263048,4481025021,2023-09-02 20:34,1,6500,녹두빈대떡;완자전 ,
g_g007536,먹을것들을 구매하여 먹었음,2,1,2992801530,후포홍게,충남 예산군 예산읍 형제고개로 967,,3263048,4481025021,2023-09-02 19:22,1,8000,홍게,
g_g007536,먹을것들을 구매하여 먹었음,3,1,1768502281,진영상회,충남 예산군 예산읍 형제고개로 967,,3263048,4481025021,2023-09-02 19:31,1,16400,"맥주세트(애플,감귤);얼음컵;소주",
g_g007536,먹을것들을 구매하여 먹었음,4,1,7182101707,선봉국수,충남 예산군 예산읍 형제고개로 967,,3263048,4481025021,2023-09-02 11:22,1,7500,파기름비빔국수;진한멸치국수 ,
g_g007536,먹을것들을 구매하여 먹었음,5,1,1022497001,셀렉토커피,충남 예산군 예산읍 예산로194번길 8,,4589380,4481025021,2023-09-02 13:53,1,10200,,
g_g007537,일회용품,1,4,2138152063,(주)아성다이소,전북 전주시 덕진구 견훤로 203,전북 전주시 덕진구 인후동1가 864-1,3266009,4511310300,2023-08-17 17:15,1,4000,투명PET컵;일회용종이접시;분식용기,
g_g007538,반지,0,2,,콩닥콩닥작업실,201-168 2층,,,,,1,80000,,2915511300
g_g007690,옷,1,1,,바나나리퍼블릭,,,,,2023-08-30 14:20,1,49780,,
g_g007704,음료; 커피 및 간식,0,4,,빽다방 대전관저중앙점,관저로 157 하이존상가 110호,,,,,4,22300,,3017011600
g_g007765,아이스 커피,1,1,2810802729,컴포즈커피,광주 북구 자미로 58,광주 북구 신안동 210-5,3162065,2917010600,2023-08-28 12:16,1,3000,아메리카노(ICE),
g_g007776,오월드 일년정기권 입장티켓,0,2,,대전오월드 티켓,142,,,,,1,240000,,3014011800
g_g007786,고속버스,1,1,8998702113,금호익스프레스(주),울산 남구 삼산로 288,,3170026,3114010600,2023-08-25 10:19,1,9300,버스표,
g_g007786,고속버스,2,1,1148201186,전국고속버스운송사업조합,서울 서초구 신반포로 194,서울 서초구 반포동 19-4,3121017,1165010700,2023-08-25 19:46,1,9300,버스표,
g_g007787,커피;아이스초코,0,2,,스타벅스전주효천DT,천잠로 149,,,,,4,12600,,4511114100
g_g007895,휘발유 주유함,1,2,6998200392,광주비아농협 남부점,광주 광산구 목련로 301,광주 광산구 신가동 764-4,3163009,2920011900,2023-08-26 08:00,1,30000,주유비,
g_g008048,모노레일 케이블카 예약,1,2,,제천 청풍호 관광 모노레일,충북 제천시 청풍면 청풍명월로 879-17,충북 제천시 청풍면 도곡리 99,3239069,4315032035,2023-08-15 00:00,1,44000,탑승권,
g_g008055,아쿠아리움 표 와 여수행 시외버스,1,2,5288701094,(주)코어웍스,서울 송파구 백제고분로17길 52,서울 송파구 잠실동 208-3,4169169,1171010100,2023-08-16 00:49,1,52000,[더블권]입장권 2인,
g_g008055,아쿠아리움 표 와 여수행 시외버스,2,2,1048183559,(주)티머니,서울 중구 후암로 110,서울 중구 남대문로5가 581,3101024,1114011800,2023-08-22 18:20,1,33600,버스표 ,
g_g008368,파라다이스스파도고 입장권,1,2,3128541861,(주)파라다이스 도고,충남 아산시 도고면 도고온천로 176,충남 아산시 도고면 기곡리 180-1,3253013,4420040036,2023-08-31 15:28,1,51000,입장권,
g_g008382,아이들간식.음료수,1,4,2068650913,이마트,경기 화성시 동탄중앙로 376,경기 화성시 석우동 44,3210027,4159012800,2023-08-25 10:58,1,8260,브레드이발소포&사235;노브래드군밤,
g_g008520,보조배터리,1,2,1078797637,더스마티,인천 계양구 계양대로16번길 91,인천 계양구 작전동 738-1,4265079,2824510300,2023-08-16 00:00,1,24000,프리미엄 일체형 도킹형 미니,
g_g008603,꽃다발,0,1,,오월의 정원,해돋이로 107 F동 1층,,,,,5,38000,,2818510600
g_g008664,식당 예약,0,2,,마장동 아재네 정육식당,입암리218,,,,,5,20000,,4425031000
g_g008781,시외버스 표,1,1,1048183559,(주)티머니 ,서울 중구 후암로 110,서울 중구 남대문로5가 581,3101024,1114011800,2023-08-25 21:17,1,7200,버스표,
g_g008798,워터파크 무료이용권,0,2,,나주중흥골드스파 워터락,월계동 757-6 벽산아파트,,,,,5,70000,,2920011500
g_g009114,커피,1,4,2018121515,스타벅스,충북 청주시 흥덕구 1순환로 514,충북 청주시 흥덕구 봉명동 1404,3236001,4311311500,2023-08-27 11:23,3,22900,G)시크릿경기;I-G)아메리카노;G)에스프레소F,
g_g009161,대전와인축제 티켓,1,1,,대전 컨벤션센터,대전 유성구 엑스포로 87,대전 유성구 도룡동 3-8,3167043,3020012700,2023-07-23 13:20,3,14300,대전 국제 와인 EXPO 2023와인&주류 박람회,
g_g009194,간식거리,1,1,4108519038,롯데쇼핑(주)롯데마트,광주 광산구 첨단강변로99번길 22,광주 광산구 쌍암동 694-3,4289601,2920011600,2023-08-26 22:35,1,30170,리얼스테이크 육포;매일 요구르트;[SCO]롯데 젤리셔스;덴마크 인포켓 치즈;동원 덴마크  떠먹는,
g_g009630,맥도날드 맥모닝 2개,1,2,1348518815,맥도날드,경기 시흥시 대은로 90,,3199012,4139010600,2023-09-02 06:28,1,7200,해피-제로 콜라M;에그 맥머핀,
g_g009661,삼각대,1,2,1208800767,쿠팡(주) ,서울 송파구 송파대로 570,서울 송파구 신천동 7-30,2005011,1171010200,2023-08-21 15:06,3,29800,스틸덕 155CM 최고봉 셀카봉 삼각대 올인원 블루투스,
g_g009732,버스표 예매,1,1,8998702113,금호익스프레스(주),울산 남구 삼산로 288,,3170026,3114010600,2023-08-24 23:26,1,7900,버스표 ,
g_g009783,야구 경기 입장권,0,3,,티켓링크,온라인 구매,,,,,1,45000,,3014011000
g_g009815,렌터카 캐스퍼,0,1,,쏘카,서정동 2-67 쏘카 부락산공영주차장,,,,,1,55190,,4122010100
g_g009819,아이스커피,0,1,,투썸플레이스,투썸플레이스,,,,,1,4500,,4315012100
g_g009858,광주에서 전주가는 버스표 와 전주에서 광주가는 버스표,0,2,,금호익스프레스 (주),유스퀘어 광주종합버스터미널,,,,,1,38800,,2914011500
g_g009879,고속 버스표,1,2,1148201186,고속버스승차권(KOBUS),서울 서초구 신반포로 194,서울 서초구 반포동 19-4,3121017,1165010700,2023-08-23 00:00,1,33800,버스표,
g_g009913,바닐라라떼,0,1,,리틀포레스트,379-8,,,,,1,8500,,4137010300
g_g009973,커피,1,1,1071431209,GS25,서울 영등포구 경인로 849,서울 영등포구 영등포동3가 10-11,3000028,1156010400,2023-08-26 07:25,1,2600,스벅파이크블랙,
g_g010037,버스표,1,1,1048183559,(주)티머니,서울 중구 후암로 110,서울 중구 남대문로5가 581,3101024,1114011800,2023-08-29 08:35,1,8600,버스표 ,
g_g010218,수생식물학습원 입장권,1,4,,수생식물학습원,충북 옥천군 군북면 방아실길 255,충북 옥천군 군북면 대정리 102,4526140,4373038025,2023-08-06 21:31,1,24000,입장권,
g_g010224,파라프라 입장권,0,3,,파라프라,자은가리163-2,,,,,3,112000,,4413325600
g_g010282,농구관람티켓,1,1,,2023우리은행 박신자컵,,,,,2023-08-18 00:00,3,44000,관람권,
g_g010348,대전엑스포아쿠아리움 입장권,1,2,1538501713,엘에스컴퍼니,부산 해운대구 센텀중앙로 97,부산 해운대구 재송동 1208-2,3133020,2635010400,2023-08-26 00:00,1,49800,[대전]엑스포 아쿠아리움 입장권,
g_g010391,스플라스 리솜 워터파크 입장권,1,2,2078802039,에이치투오코리아(주),서울 강남구 논현로98길 28,서울 강남구 역삼동 671,4166209,1168010100,2023-08-26 00:00,1,78000,스플라스 리솜 입장권,
g_g010430,금호화순아쿠아나 예매권,0,3,,금호화순아쿠아나,옥리길 14-21,,,,,1,68000,,4679039500
g_g010442,화장품,1,1,1078657147,CJ올리브영(주),부산 동구 중앙대로 206,부산 동구 초량동 1187-1,2000010,2617010100,2023-08-27 09:02,1,21200,페리페라 잉크더벨벳AD;루나 롱래스팅 팁 컨실러,
g_g010483,아르떼뮤지엄 입장권,1,2,,엘에스컴퍼니,,,,,2023-08-26 00:00,1,34000,[여수]아르떼뮤지엄 입장권,
g_g010552,간식,1,1,2018121515,스타벅스,서울 서초구 신반포로 176,,3121017,1165010700,2023-09-06 09:01,3,14400,블랙푸드 쉐이크;그릭요거트플레인;페리에라임,
g_g010703,서울-부여 시외버스 예약,1,1,1048183559,㈜티머니,서울 중구 후암로 110,서울 중구 남대문로5가 581,3101024,1114011800,2023-09-08 15:31,1,18900,버스비,
g_g010703,서울-부여 시외버스 예약,2,1,1048183559,㈜티머니,서울 중구 후암로 110,서울 중구 남대문로5가 581,3101024,1114011800,2023-09-04 22:36,1,18900,버스비,
g_g010717,헛개수 차,0,2,,Gs25 서신이편한점,1044,,,,,4,3000,,4511112900
g_g010776,과자,0,1,,베스트할인마트,베스트할인마트,,,,,3,2500,,4812110700
g_g010807,LPG 충전소에 들러 충전 완료 후 출발하였습니다!,1,1,8873001193,완산IC충전소,전북 전주시 완산구 모악로 4483,전북 전주시 완산구 석구동 231-21,3266089,4511113000,2023-08-29 12:32,1,13762,주유비 ,
g_g010860,요거트2개 편의점커피,1,3,,스토리웨이,서울 영등포구 국회대로 612,서울 영등포구 당산동3가 2-7,2005008,1156011300,2023-09-09 08:47,1,5700,,
g_g010939,커피및음료구입,0,3,,스타벅스당진시곡점,충정서해로628ㅡ,,,,,4,16600,,4427010500
g_g011053,기차표,1,1,3148210024,한국철도공사,대전 동구 중앙로 240,,3164033,3011011300,2023-08-30 19:04,3,23700,기차표 ,
g_g011053,기차표,2,1,3148210024,한국철도공사,대전 동구 중앙로 240,대전 동구 소제동 293-74,3164033,3011011300,2023-09-23 16:07,3,20100,기차표,
g_g011078,아쿠아리움 입장표,1,2,5668701096,(주)위메프,서울 강남구 영동대로 502,,2122002,1168010500,2023-09-04 20:43,1,48500,[여수]아쿠아플라넷 입장권,
g_g011105,물 커피,0,2,,뉴캅스마트,,,,,,5,10000,,4615010800
g_g011162,KTX,1,1,3148210024,한국철도공사,대전 동구 중앙로 240,,3164033,3011011300,,1,0,기차표 ,
g_g011212,주유,1,1,1258211307,안성(부산)주유소,경기 안성시 원곡면 경부고속도로 365,,1000001,4155038027,2023-09-18 08:04,1,70000,주유비 ,
g_g011254,주유,1,4,5672400192,천보주유소,광주 북구 우치로 812,광주 북구 용전동 1225-28,3162056,2917013600,2023-09-24 00:00,1,61000,주유비,
g_g011300,셀카봉,0,2,,다이소,다이소,,,,,3,5000,,4873025322
g_g011370,여수음악회 티켓,1,2,8248102515,(주)인터파크트리플,서울 강남구 삼성로 512,,3122005,1168010500,2023-08-29 00:00,1,64000,KBS교향악단과 함께하는 제7회 여수음악제 폐막연주회 - Music Exhibition,
g_g011398,과자,0,2,,수원ktx역사점,18,,,,,1,1500,,4111513400
g_g011454,글램핑 예약,1,2,5248601528,네이버파이낸셜 주식회사,경기 성남시 분당구 정자일로 95,경기 성남시 분당구 정자동 178-4,3180021,4113510300,2023-09-16 00:00,1,30000,A동-텐트(당일 3시간 바베큐 글램핑),
g_g011461,주유,1,1,3052038020,소망주유소,대전 중구 보문산로 307,대전 중구 문화동 85-1,3010022,3014011600,2023-09-17 09:35,1,30000,주유비,
g_g011473,전주패스,1,3,5248601528,네이버파이낸셜 주식회사,경기 성남시 분당구 정자일로 95,경기 성남시 분당구 정자동 178-4,3180021,4113510300,2023-09-16 00:00,1,23600,[전북투어패스]통합이용권,
g_g011482,과자 음료 물,1,3,2068650913,노브랜드,경기 용인시 기흥구 사은로 13,경기 용인시 기흥구 보라동 413-1,3204034,4146310500,2023-09-16 11:30,1,46770,,
g_g011508,기름,0,1,,황전전주방향주유소,순천완주고속도로28,,,,,1,60000,,4615033000
g_g011509,대전와인엑스포 입장권,1,2,,2023대전국제와인EXPO,대전 유성구 엑스포로 87,대전 유성구 도룡동 3-8,3167043,3020012700,2023-08-28 12:58,1,40000,입장권,
g_g011522,김밥,0,1,,김밥천국,581-197,,,,,3,3000,,1135010500
g_g011530,샌드위치,1,3,,파리바게뜨,서울 서대문구 이화여대길 6,서울 서대문구 대현동 45-10,4136322,1141011200,2023-09-01 14:33,3,28300,통밀디럭스 샌드위치;런치 샌드위치;통밀 햄에그 샌드위치;배달팁,
g_g011537,구운 주먹밥,1,1,,,,,,,2023-09-10 14:29,1,19040,,
g_g011551,음식 및 캠핑,0,3,,GS마트,GS마트,,,,,1,72000,,4111710100
g_g011597,물.커피,0,2,,집,트리풀시티 5단지,,,,,4,3000,,3020011500
g_g011631,동행자 시외버스표,1,1,1048183559,(주)티머니,서울 중구 후암로 110,서울 중구 남대문로5가 581,3101024,1114011800,2023-09-02 10:44,1,12900,버스표,
g_g011636,고속버스 좌석예매,1,1,3018146174,새서울고속,충북 청주시 흥덕구 죽천로 33,충북 청주시 흥덕구 복대동 504,3237078,4311311400,2023-09-06 00:34,1,12800,버스표 ,
g_g011673,점심대용 간식 구매/  딸기바나나 구매,1,2,3142232567,파리바게뜨,대전 유성구 구즉로 25,대전 유성구 송강동 199,3167012,3020014700,2023-09-10 10:48,1,13400,호밀샌드위치;정통 에그타르트;인생크림빵_우유생크림빵,
g_g011673,점심대용 간식 구매/  딸기바나나 구매,2,2,5600103035,쥬씨,충남 계룡시 두마면 농소로 32,,3352240,4425031024,2023-09-10 11:40,1,9600,[포장]딸기 바나나;XL;코코넛젤리선택 1회,
g_g011674,휘발유 주유,1,3,1558100459,(주)청우에너지,경기 화성시 팔탄면 서해로 1409-9,경기 화성시 팔탄면 창곡리 437-4,3000117,4159036022,2023-09-10 08:25,1,50000,주유비,
g_g011692,고구마말랭이; 에너지바 등 간식,0,1,,지에스25 서초 삼성타운점,1321-15,,,,,3,15000,,1165010800
g_g011717,과자 등 간식류,1,1,1201112451,코끼리마트,서울 강남구 역삼로78길 18,서울 강남구 대치동 916-34,4166662,1168010600,2023-09-04 16:03,1,13590,종량제20L 쇼핑봉투 20리터;백옥콘/강냉이;삼양/사또밥;풀)그릭플레인;농심새우깡(블랙),
g_g011722,주유,0,2,,GS칼텍스 전대주유소,무등로 165,,,,,1,60000,,2917010600
g_g011724,버스표,1,1,1048125831,(주)삼화고속,서울 중구 세종대로 135,서울 중구 태평로1가 61-1,2005001,1114010300,2023-09-20 21:06,1,18900,버스표,
g_g011791,에그볼(빵),1,2,4456200176,에덴마트,인천 미추홀구 숙골로87번길 8,인천 미추홀구 도화동 998-2,4854093,2817710400,2023-09-06 18:16,1,14230,풀무원)안심콩나물;남양)GT고소한락;풀무원)가족나들;폭신폭신에그볼,
g_g011830,전북투어패스남원춘향여행권,1,1,2068689631,주식회사 엘에스컴퍼니,제주특별자치도 제주시 청사로 11,제주특별자치도 제주시 도남동 573-2,3349193,5011012900,2023-09-10 11:12,1,4900,[전북투어패스]남원춘향여행권,
g_g011837,기차표,2,1,3148210024,한국철도공사,대전 동구 중앙로 240,,3164033,3011011300,2023-09-09 23:35,1,12800,기차표 ,
g_g011841,물 간단 취식음료,1,2,8315001000,카페042,대전 유성구 엑스포로 87,대전 유성구 도룡동 3-8,3167043,3020012700,2023-09-09 14:30,1,9100,아메리카노(ICE);카페라떼 (ICE),
g_g011851,편의점 미숫가루 음료,0,1,,CU 부암점,133-39,,,,,1,1500,,2623010800
g_g011873,자동차 연료 일부 미리 채움,1,2,5772001375,역곡역 주유소,경기 부천시 경인로 463,경기 부천시 괴안동 111-61,3000028,4119011300,2023-09-06 17:02,1,50000,주유비,
g_g011903,고속버스,1,1,8998702113,금호익스프레스(주),울산 남구 삼산로 288,,3170026,3114010600,2023-09-07 15:10,1,7900,버스표 ,
g_g011903,고속버스,2,1,8998702113,금호익스프레스(주),울산 남구 삼산로 288,울산 남구 삼산동 1480-1,3170026,3114010600,2023-09-08 22:59,1,14900,버스비,
g_g011914,음료,1,1,2270689636,CU,인천 미추홀구 예술로 지하 85,인천 미추홀구 관교동 14,3008029,2817710600,2023-09-09 23:09,1,16200,,
g_g011924,가스충전,0,2,,서해고속lpg충전소,369-2,,,,,1,38000,,4514012000
g_g011926,기차표,1,1,3148210024,한국철도공사,대전 동구 중앙로 240,,3164033,3011011300,2023-09-08 22:43,3,13800,기차표,
g_g011926,기차표,2,1,3148210024,한국철도공사 ,대전 동구 중앙로 240,대전 동구 소제동 293-74,3164033,3011011300,2023-09-07 00:00,3,13800,기차표,
g_g011934,버스표,1,2,1388128578,(주)동양고속,서울 서초구 신반포로 194,서울 서초구 반포동 19-4,3121017,1165010700,2023-09-02 13:47,1,17800,버스표,
g_g011944,시외버스 이용비,1,2,1048183559,(주)티머니,서울 중구 후암로 110,서울 중구 남대문로5가 581,3101024,1114011800,2023-09-15 23:40,1,12000,버스표,
g_g011944,시외버스 이용비,2,2,1048183559,주식회사 티머니,서울 중구 후암로 110,서울 중구 남대문로5가 581,3101024,1114011800,2023-09-15 23:39,1,12000,버스표,
g_g011950,무궁화호 기차표,1,1,3148210024,한국철도공사,대전 동구 중앙로 240,,3164033,3011011300,2023-09-12 01:18,1,10800,기차표,
g_g011952,버스표,1,1,1048183559,㈜티머니시외버스(모바일),서울 중구 후암로 110,서울 중구 남대문로5가 581,3101024,1114011800,2023-09-04 22:50,1,8400,버스비,
g_g011952,버스표,2,1,1048183559,(주)티머니시외버스,,,,,2023-09-04 22:50,3,11000,버스표,
g_g011966,기름값,1,2,4428602448,(주)세종전의에너지,세종특별자치시 전의면 세종로 3907,,3000189,3611037026,2023-09-14 10:04,1,30000,주유비 ,
g_g012155,커피,0,2,,슬로우터틀,신당동 1793-5 1층,,,,,1,3600,,2729010700
g_g012160,과일. 물,0,2,,와이마트,1086-6,,,,,1,11000,,2920010900
g_g012162,커피 및 음료 간식,0,3,,이마트24,순암로516 이마트24,,,,,1,13500,,4161010700
g_g012192,우비,1,2,4108519038,롯데마트,광주 광산구 첨단강변로99번길 22,광주 광산구 쌍암동 694-3,4289601,2920011600,2023-09-16 11:57,1,3000,성인 일회용 우의,
g_g012197,커피,0,2,,컴포즈커피,1873-3 104호 컴포즈 커피,,,,,4,3000,,2811014500
g_g012199,음료수,0,5,,아산하이웨이,온천대로 1366,,,,,3,9000,,4420010300
g_g012209,엔진오일,1,2,3121945654,T-스테이션,경기 평택시 경기대로 1253,경기 평택시 이충동 433-16,2012013,4122010900,2023-09-16 14:02,1,10000,,
g_g012226,광주 디자인 비엔날레 티켓,1,1,,광주디자인비엔날레,광주 북구 첨단과기로176번길 27,광주 북구 오룡동 1110-7,4286721,2917014100,2023-09-08 00:00,1,12000,입장권,
g_g012228,항공권,1,1,1108114794,㈜대한항공 ,서울 강서구 하늘길 260,,4145490,1150010800,2023-08-29 00:00,3,31600,비행기표,
g_g012228,항공권,2,1,1108114794,(주)대한항공,서울 강서구 하늘길 260,,4145490,1150010800,2023-08-29 11:20,1,31600,비행기표,
g_g012228,항공권,3,1,2748800540,에어로케이항공(주),충북 청주시 흥덕구 오송읍 오송생명3로 154,충북 청주시 흥덕구 오송읍 연제리 834,3240057,4311325026,2023-08-28 18:09,1,22500,비행기표 ,
g_g012228,항공권,4,1,2748800540,에어로케이항공(주),충북 청주시 흥덕구 오송읍 오송생명3로 154,충북 청주시 흥덕구 오송읍 연제리 834,3240057,4311325026,2023-08-28 16:51,1,22500,비행기표 ,
g_g012282,샌드위치,1,2,3142789352,뚜레쥬르,대전 서구 청사로 281,대전 서구 둔산동 908,3166051,3017011200,2023-09-11 14:16,1,13600,에그쉬림프샌드위치(NEW);로제치킨샌드위치,
g_g012304,흑백 사진관 예약,1,2,,중앙탑사진관,충북 충주시 중앙탑면 탑정안길 6,충북 충주시 중앙탑면 탑평리 3,4515420,4313038521,2023-09-09 00:00,1,20000,셀프 사진 촬영,
g_g012326,기차표,0,2,,코레일,코레일,,,,,1,92800,,1117010600
g_g012337,커피 및 토스트,0,2,,스타벅스코리아,1008-48,,,,,1,16100,,4719010100
g_g012382,고속버스 티켓,1,1,8998702113,금호익스프레스(주),울산 남구 삼산로 288,,3170026,3114010600,2023-09-09 16:21,1,9300,버스표,
g_g012410,한화이글스 야구 티켓(아들이 예약해줌),1,1,,신한은행 SOL KBO리그,,,,,2023-09-15 18:12,1,17000,관람권,
g_g012433,고속버스 승차권,1,2,1048183559,(주)티머니,서울 중구 후암로 110,서울 중구 남대문로5가 581,3101024,1114011800,2023-09-09 10:02,1,18600,버스표,
g_g012433,고속버스 승차권,2,2,1048183559,(주)티머니,서울 중구 후암로 110,서울 중구 남대문로5가 581,3101024,1114011800,2023-09-10 18:30,1,14400,버스표,
g_g012439,루꼴라 샌드위치; BLT 샌드위치; 아이스아메리카노,0,1,,스타벅스 강동구청역,성내로32  스타벅스,,,,,1,17300,,1174010800
g_g012455,김밥 3줄,1,3,5215600275,고봉민김밥인,경기 안양시 동안구 동안로 194,,3183006,4117310100,2023-09-15 08:37,1,12900,,
g_g012458,버스 승차권,1,1,8998702113,금호고속,광주 서구 무진대로 904,광주 서구 광천동 49-1,2009009,2914011500,2023-09-18 12:57,1,27200,버스비,
g_g012478,과자,2,4,1068307115,태성대마트,서울 용산구 두텁바위로 54-99,,3102002,1117010200,2023-09-16 13:37,1,144910,화이트쿠키 빼빼로;아몬드빼빼로;크런키 빼빼로;빅파이딸기(중);칸쵸,
g_g012531,음료수(하늘보리),0,1,,이마트24성심여중고점,251-2,,,,,1,3000,,1117011700
g_g012679,경유,1,2,4060590874,무주주유소,전북 무주군 무주읍 한풍루로 280,전북 무주군 무주읍 당산리 1266-1,3275053,4573025022,2023-09-22 17:02,1,10000,주유비,
g_g012682,소화제,0,1,,홍약국,시민로 217,,,,,3,3000,,4423010900
g_g012697,전과 나물,1,1,3289801414,완도수산,광주 광산구 사암로215번길 45,광주 광산구 우산동 1578-5,4289186,2920010900,2023-09-28 13:07,1,20000,,
g_g012727,커피 한 잔,1,1,4157400367,이디야,광주 남구 봉선1로 120-1,광주 남구 봉선동 178-26,3161007,2915511500,2023-09-23 13:04,3,3200,(L)ICED아메리카노,
g_g012783,공연 티켓,1,1,8248102515,주식회사 인터파크,서울 강남구 삼성로 512,,3122005,1168010500,,1,63000,관람권 ,
g_g012805,주유,1,2,2660502393,방동LPG충전소,대전 유성구 계백로 473,대전 유성구 방동 474-15,3000095,3020011000,2023-09-24 11:58,1,29618,주유비,
g_g012990,김밥,1,2,2615100494,GS25,경기 고양시 덕양구 화신로 101,경기 고양시 덕양구 행신동 956,3192087,4128112800,2023-09-24 05:58,1,8800,,
g_g013093,생수. 요거트,1,1,1148521994,(주)롯데슈퍼 ,서울 서초구 방배로33길 29,서울 서초구 방배동 816-1,4163268,1165010100,2023-09-27 15:04,1,5420,오리온닥터유제주용암수;농심백산수;롯데장액티브(사과),
g_g013114,커피; 쥬스,0,2,,스타벅스,불당스타벅스,,,,,4,7800,,4413310800
g_g013125,주유,1,2,,(유)효창주유소,광주 광산구 사암로 744,광주 광산구 도천동 295-4,3163014,2920011300,2023-09-27 12:19,1,50000,주유비 ,
