TRAVEL_ID,REL_CD,COMPANION_GENDER,COMPANION_AGE_GRP
e_e000005,배우자,남자,30대
e_e000191,배우자,여자,40대
e_e000191,기타,여자,40대
e_e000191,기타,여자,70세이상
e_e000191,기타,남자,50대
e_e000316,친구,여자,20대
e_e000668,자녀,남자,10대
e_e000668,부모,남자,60대
e_e000668,배우자,남자,30대
e_e000668,자녀,여자,~9세이하
e_e000668,부모,여자,60대
e_e001579,형제/자매,여자,20대
e_e002195,친구,여자,20대
e_e003226,자녀,여자,30대
e_e004870,배우자,여자,40대
e_e004870,자녀,여자,10대
e_e004944,배우자,여자,30대
e_e007408,배우자,남자,40대
e_e011214,친구,여자,20대
e_e013132,"친목 단체/모임(동호회, 종교단체 등)",남자,20대
e_e013132,"친목 단체/모임(동호회, 종교단체 등)",여자,20대
e_e013132,"친목 단체/모임(동호회, 종교단체 등)",남자,20대
e_e013143,배우자,남자,40대
e_e013143,자녀,여자,10대
e_e013143,자녀,여자,~9세이하
e_e013144,배우자,여자,50대
e_e013149,배우자,남자,30대
e_e013179,부모,여자,60대
e_e013184,친구,여자,40대
e_e013188,연인,남자,30대
e_e013282,연인,남자,30대
f_f000001,자녀,남자,~9세이하
f_f000001,배우자,남자,40대
f_f000004,자녀,남자,~9세이하
f_f000004,배우자,여자,30대
f_f000030,연인,남자,20대
f_f002508,연인,여자,20대
f_f009789,연인,남자,20대
f_f015541,연인,남자,30대
f_f016471,배우자,여자,40대
f_f016471,자녀,남자,~9세이하
f_f016471,자녀,여자,10대
g_g000003,친구,여자,30대
g_g000003,친구,여자,30대
g_g000003,친구,여자,30대
g_g000004,부모,여자,50대
g_g000004,조부모,여자,70세이상
g_g000004,친인척,여자,50대
g_g000004,부모,남자,60대
g_g000004,형제/자매,남자,30대
g_g000004,친인척,남자,50대
g_g000009,배우자,남자,40대
g_g000014,부모,여자,70세이상
g_g000014,친구,여자,40대
g_g000014,친구,여자,40대
g_g000016,연인,여자,20대
g_g000023,연인,남자,20대
g_g000025,자녀,남자,~9세이하
g_g000026,자녀,여자,10대
g_g000026,친구,여자,30대
g_g000026,자녀,남자,~9세이하
g_g000191,형제/자매,여자,30대
g_g000191,부모,여자,60대
g_g000195,친구,남자,20대
g_g000198,연인,남자,30대
g_g000204,연인,남자,30대
g_g000208,연인,남자,30대
g_g000210,연인,여자,20대
g_g000215,배우자,남자,40대
g_g000220,배우자,남자,30대
g_g000225,부모,여자,60대
g_g000225,자녀,여자,~9세이하
g_g000225,배우자,남자,30대
g_g000225,자녀,남자,~9세이하
g_g000226,연인,여자,30대
g_g000231,배우자,남자,30대
g_g000233,친구,여자,20대
g_g000234,자녀,남자,10대
g_g000234,배우자,남자,40대
g_g000235,배우자,남자,40대
g_g000236,부모,여자,70세이상
g_g000237,자녀,남자,~9세이하
g_g000237,자녀,남자,10대
g_g000237,부모,남자,70세이상
g_g000240,형제/자매,여자,40대
g_g000242,자녀,남자,10대
g_g000242,배우자,남자,50대
g_g000242,자녀,여자,10대
g_g000248,배우자,여자,40대
g_g000248,자녀,여자,10대
g_g000248,자녀,남자,10대
g_g000249,배우자,남자,40대
g_g000249,자녀,남자,10대
g_g000249,자녀,여자,10대
g_g000250,자녀,남자,10대
g_g000250,배우자,남자,40대
g_g000250,자녀,여자,10대
g_g000251,배우자,남자,30대
g_g000251,자녀,남자,~9세이하
g_g000252,자녀,남자,~9세이하
g_g000252,자녀,여자,~9세이하
g_g000256,배우자,남자,30대
g_g000258,자녀,남자,~9세이하
g_g000258,배우자,남자,40대
g_g000259,자녀,여자,10대
g_g000259,자녀,남자,10대
g_g000259,배우자,남자,40대
g_g000260,자녀,남자,~9세이하
g_g000264,배우자,남자,40대
g_g000264,자녀,여자,~9세이하
g_g000265,자녀,남자,10대
g_g000265,부모,여자,70세이상
g_g000265,형제/자매,여자,40대
g_g000265,자녀,여자,~9세이하
g_g000265,형제/자매,여자,40대
g_g000269,자녀,남자,~9세이하
g_g000269,배우자,여자,30대
g_g000269,자녀,남자,~9세이하
g_g000270,배우자,여자,40대
g_g000270,자녀,여자,~9세이하
g_g000270,자녀,여자,10대
g_g000280,배우자,남자,40대
g_g000280,자녀,남자,~9세이하
g_g000280,자녀,남자,~9세이하
g_g000284,친인척,남자,~9세이하
g_g000284,자녀,여자,30대
g_g000284,친인척,남자,~9세이하
g_g000285,친구,여자,30대
g_g000285,친구,여자,20대
g_g000285,친구,여자,20대
g_g000285,친구,여자,20대
g_g000285,친구,여자,30대
g_g000287,자녀,여자,~9세이하
g_g000287,배우자,남자,40대
g_g000287,자녀,남자,~9세이하
g_g000290,연인,여자,30대
g_g000296,연인,남자,20대
g_g000298,친구,남자,30대
g_g000298,친구,남자,30대
g_g000299,자녀,남자,~9세이하
g_g000299,배우자,남자,40대
g_g000299,부모,여자,60대
g_g000299,자녀,여자,~9세이하
g_g000299,부모,남자,60대
g_g000301,배우자,여자,20대
g_g000305,자녀,여자,~9세이하
g_g000305,배우자,남자,30대
g_g000305,자녀,여자,~9세이하
g_g000306,배우자,남자,30대
g_g000306,친인척,여자,30대
g_g000306,자녀,남자,~9세이하
g_g000306,친인척,남자,~9세이하
g_g000308,친인척,여자,10대
g_g000308,친인척,남자,40대
g_g000308,부모,남자,50대
g_g000308,친인척,여자,40대
g_g000309,자녀,남자,10대
g_g000309,배우자,여자,40대
g_g000309,자녀,여자,~9세이하
g_g000311,배우자,남자,40대
g_g000311,자녀,여자,~9세이하
g_g000311,자녀,남자,10대
g_g000312,기타,남자,40대
g_g000312,기타,남자,40대
g_g000314,부모,남자,70세이상
g_g000314,배우자,남자,40대
g_g000314,부모,여자,70세이상
g_g000316,자녀,여자,~9세이하
g_g000318,배우자,남자,50대
g_g000318,자녀,여자,20대
g_g000319,부모,여자,60대
g_g000320,자녀,여자,~9세이하
g_g000320,자녀,남자,~9세이하
g_g000320,배우자,여자,40대
g_g000320,자녀,여자,~9세이하
g_g000321,배우자,남자,30대
g_g000321,부모,남자,60대
g_g000322,자녀,여자,~9세이하
g_g000322,자녀,남자,~9세이하
g_g000328,부모,여자,60대
g_g000328,배우자,남자,40대
g_g000328,자녀,남자,~9세이하
g_g000334,자녀,남자,~9세이하
g_g000334,배우자,여자,30대
g_g000334,자녀,여자,~9세이하
g_g000339,배우자,남자,30대
g_g000341,연인,남자,20대
g_g000345,친구,여자,30대
g_g000346,자녀,여자,~9세이하
g_g000348,친구,남자,20대
g_g000348,친구,여자,20대
g_g000348,친구,남자,30대
g_g000348,친구,남자,20대
g_g000348,친구,여자,20대
g_g000351,배우자,여자,30대
g_g000354,부모,여자,70세이상
g_g000354,부모,남자,70세이상
g_g000357,배우자,여자,40대
g_g000361,배우자,남자,40대
g_g000361,자녀,남자,10대
g_g000361,자녀,남자,10대
g_g000365,친구,여자,30대
g_g000374,자녀,여자,~9세이하
g_g000374,배우자,남자,40대
g_g000378,연인,여자,20대
g_g000379,배우자,여자,40대
g_g000379,자녀,여자,10대
g_g000380,자녀,남자,10대
g_g000380,배우자,남자,40대
g_g000384,배우자,남자,30대
g_g000384,자녀,여자,~9세이하
g_g000384,자녀,여자,~9세이하
g_g000387,배우자,여자,50대
g_g000391,배우자,여자,30대
g_g000391,자녀,남자,~9세이하
g_g000391,자녀,남자,~9세이하
g_g000392,연인,남자,30대
g_g000393,배우자,남자,40대
g_g000394,자녀,남자,~9세이하
g_g000394,부모,남자,70세이상
g_g000394,자녀,남자,~9세이하
g_g000396,자녀,여자,10대
g_g000396,배우자,여자,40대
g_g000396,자녀,여자,10대
g_g000397,친구,여자,30대
g_g000397,기타,남자,~9세이하
g_g000397,기타,남자,10대
g_g000399,자녀,남자,~9세이하
g_g000399,부모,여자,60대
g_g000399,배우자,남자,40대
g_g000399,부모,남자,60대
g_g000404,배우자,남자,40대
g_g000404,자녀,남자,~9세이하
g_g000404,자녀,여자,10대
g_g000410,기타,여자,~9세이하
g_g000410,친구,여자,30대
g_g000410,자녀,남자,~9세이하
g_g000414,연인,남자,20대
g_g000420,배우자,남자,30대
g_g000420,자녀,여자,30대
g_g000423,배우자,남자,50대
g_g000423,자녀,남자,~9세이하
g_g000423,자녀,남자,10대
g_g000427,자녀,여자,10대
g_g000427,배우자,남자,40대
g_g000427,자녀,남자,~9세이하
g_g000430,연인,여자,20대
g_g000435,배우자,여자,40대
g_g000435,친인척,남자,40대
g_g000435,친인척,여자,~9세이하
g_g000435,자녀,여자,~9세이하
g_g000435,친인척,여자,30대
g_g000437,자녀,여자,~9세이하
g_g000437,배우자,여자,30대
g_g000441,연인,여자,30대
g_g000442,친구,여자,30대
g_g000442,친구,여자,30대
g_g000443,친인척,여자,~9세이하
g_g000443,형제/자매,여자,40대
g_g000443,연인,남자,30대
g_g000447,친구,여자,30대
g_g000447,동료,여자,30대
g_g000447,동료,남자,30대
g_g000453,동료,여자,60대
g_g000453,동료,여자,50대
g_g000454,형제/자매,여자,40대
g_g000454,자녀,여자,10대
g_g000454,형제/자매,여자,50대
g_g000459,자녀,여자,~9세이하
g_g000459,배우자,남자,40대
g_g000459,자녀,여자,~9세이하
g_g000460,배우자,여자,30대
g_g000460,자녀,여자,~9세이하
g_g000460,자녀,남자,~9세이하
g_g000461,배우자,남자,60대
g_g000461,자녀,남자,30대
g_g000461,자녀,여자,30대
g_g000464,배우자,여자,50대
g_g000464,친인척,남자,70세이상
g_g000464,친인척,남자,60대
g_g000464,친인척,여자,60대
g_g000466,자녀,여자,10대
g_g000466,배우자,남자,40대
g_g000469,친구,여자,20대
g_g000471,자녀,여자,~9세이하
g_g000471,배우자,여자,40대
g_g000473,형제/자매,여자,60대
g_g000473,배우자,남자,50대
g_g000473,친인척,여자,10대
g_g000477,형제/자매,여자,30대
g_g000478,부모,여자,60대
g_g000480,배우자,여자,30대
g_g000481,자녀,여자,~9세이하
g_g000481,배우자,남자,40대
g_g000481,자녀,여자,~9세이하
g_g000486,"친목 단체/모임(동호회, 종교단체 등)",여자,50대
g_g000486,"친목 단체/모임(동호회, 종교단체 등)",여자,50대
g_g000486,"친목 단체/모임(동호회, 종교단체 등)",여자,50대
g_g000486,"친목 단체/모임(동호회, 종교단체 등)",여자,50대
g_g000486,"친목 단체/모임(동호회, 종교단체 등)",여자,50대
g_g000486,"친목 단체/모임(동호회, 종교단체 등)",여자,50대
g_g000486,"친목 단체/모임(동호회, 종교단체 등)",여자,50대
g_g000486,"친목 단체/모임(동호회, 종교단체 등)",여자,50대
g_g000486,"친목 단체/모임(동호회, 종교단체 등)",여자,50대
g_g000486,"친목 단체/모임(동호회, 종교단체 등)",여자,50대
g_g000486,"친목 단체/모임(동호회, 종교단체 등)",여자,50대
g_g000486,"친목 단체/모임(동호회, 종교단체 등)",여자,50대
g_g000486,"친목 단체/모임(동호회, 종교단체 등)",여자,50대
g_g000486,"친목 단체/모임(동호회, 종교단체 등)",여자,50대
g_g000486,"친목 단체/모임(동호회, 종교단체 등)",여자,50대
g_g000486,"친목 단체/모임(동호회, 종교단체 등)",여자,50대
g_g000486,"친목 단체/모임(동호회, 종교단체 등)",여자,50대
g_g000486,"친목 단체/모임(동호회, 종교단체 등)",여자,50대
g_g000486,"친목 단체/모임(동호회, 종교단체 등)",여자,50대
g_g000488,자녀,남자,10대
g_g000488,부모,여자,70세이상
g_g000488,자녀,남자,~9세이하
g_g000490,배우자,남자,50대
g_g000492,배우자,남자,30대
g_g000492,자녀,남자,~9세이하
g_g000494,배우자,여자,60대
g_g000499,자녀,여자,~9세이하
g_g000499,연인,남자,30대
g_g000502,연인,남자,20대
g_g000503,자녀,여자,~9세이하
g_g000503,배우자,여자,30대
g_g000508,자녀,남자,10대
g_g000508,배우자,남자,40대
g_g000508,자녀,여자,10대
g_g000510,자녀,남자,~9세이하
g_g000510,배우자,남자,30대
g_g000515,친구,남자,40대
g_g000519,자녀,남자,~9세이하
g_g000519,배우자,여자,30대
g_g000519,자녀,남자,~9세이하
g_g000520,자녀,남자,40대
g_g000520,자녀,여자,40대
g_g000522,연인,남자,20대
g_g000532,배우자,여자,30대
g_g000536,배우자,여자,60대
g_g000540,자녀,남자,10대
g_g000540,배우자,여자,40대
g_g000540,자녀,여자,10대
g_g000556,배우자,여자,40대
g_g000556,자녀,남자,~9세이하
g_g000556,자녀,여자,~9세이하
g_g000558,배우자,남자,40대
g_g000560,연인,남자,20대
g_g000569,친구,여자,60대
g_g000569,친구,여자,60대
g_g000570,배우자,여자,30대
g_g000570,자녀,여자,~9세이하
g_g000570,자녀,여자,~9세이하
g_g000571,부모,여자,70세이상
g_g000571,친인척,남자,70세이상
g_g000571,친인척,여자,70세이상
g_g000571,친인척,여자,60대
g_g000571,배우자,여자,40대
g_g000571,친인척,여자,60대
g_g000571,친인척,남자,70세이상
g_g000571,친인척,남자,60대
g_g000572,배우자,남자,50대
g_g000577,자녀,남자,10대
g_g000577,배우자,남자,40대
g_g000577,자녀,여자,~9세이하
g_g000581,배우자,남자,40대
g_g000581,자녀,남자,10대
g_g000581,자녀,여자,~9세이하
g_g000581,부모,여자,70세이상
g_g000581,자녀,여자,10대
g_g000582,자녀,여자,~9세이하
g_g000582,배우자,남자,40대
g_g000582,자녀,남자,~9세이하
g_g000585,배우자,남자,40대
g_g000585,자녀,남자,10대
g_g000590,배우자,남자,30대
g_g000590,자녀,여자,~9세이하
g_g000590,자녀,여자,~9세이하
g_g000592,자녀,남자,10대
g_g000592,배우자,남자,40대
g_g000592,자녀,남자,~9세이하
g_g000602,자녀,남자,~9세이하
g_g000602,배우자,남자,30대
g_g000604,배우자,여자,30대
g_g000605,배우자,남자,30대
g_g000605,자녀,여자,~9세이하
g_g000605,자녀,남자,~9세이하
g_g000606,자녀,남자,~9세이하
g_g000606,배우자,여자,40대
g_g000607,배우자,여자,30대
g_g000610,"친목 단체/모임(동호회, 종교단체 등)",여자,50대
g_g000610,"친목 단체/모임(동호회, 종교단체 등)",여자,40대
g_g000610,"친목 단체/모임(동호회, 종교단체 등)",남자,50대
g_g000610,"친목 단체/모임(동호회, 종교단체 등)",남자,50대
g_g000610,"친목 단체/모임(동호회, 종교단체 등)",여자,40대
g_g000610,배우자,남자,50대
g_g000610,"친목 단체/모임(동호회, 종교단체 등)",남자,50대
g_g000611,친구,남자,30대
g_g000614,배우자,남자,30대
g_g000618,부모,여자,60대
g_g000618,조부모,여자,70세이상
g_g000618,형제/자매,여자,30대
g_g000619,자녀,남자,20대
g_g000619,배우자,남자,40대
g_g000619,자녀,남자,20대
g_g000622,배우자,여자,30대
g_g000622,자녀,남자,~9세이하
g_g000629,자녀,남자,10대
g_g000629,배우자,남자,40대
g_g000629,자녀,남자,~9세이하
g_g000636,친구,남자,30대
g_g000636,친구,여자,30대
g_g000636,연인,남자,20대
g_g000637,자녀,남자,~9세이하
g_g000637,배우자,남자,30대
g_g000637,자녀,남자,~9세이하
g_g000638,부모,여자,50대
g_g000639,연인,남자,30대
g_g000642,배우자,여자,30대
g_g000642,자녀,남자,~9세이하
g_g000642,자녀,여자,10대
g_g000643,배우자,여자,30대
g_g000648,친구,여자,20대
g_g000651,배우자,남자,30대
g_g000653,배우자,남자,40대
g_g000653,자녀,여자,~9세이하
g_g000653,자녀,남자,10대
g_g000654,자녀,남자,~9세이하
g_g000654,배우자,남자,30대
g_g000654,자녀,여자,~9세이하
g_g000657,배우자,남자,30대
g_g000657,자녀,여자,~9세이하
g_g000657,자녀,남자,~9세이하
g_g000658,부모,여자,70세이상
g_g000658,배우자,여자,50대
g_g000665,자녀,여자,~9세이하
g_g000665,배우자,남자,30대
g_g000670,배우자,남자,40대
g_g000670,자녀,남자,~9세이하
g_g000670,자녀,남자,~9세이하
g_g000672,배우자,남자,40대
g_g000672,자녀,여자,~9세이하
g_g000672,자녀,남자,~9세이하
g_g000675,자녀,여자,~9세이하
g_g000675,배우자,남자,30대
g_g000675,자녀,남자,~9세이하
g_g000680,배우자,여자,40대
g_g000680,자녀,남자,~9세이하
g_g000680,자녀,여자,~9세이하
g_g000681,자녀,여자,~9세이하
g_g000681,배우자,남자,30대
g_g000681,자녀,여자,~9세이하
g_g000685,연인,여자,30대
g_g000687,자녀,남자,10대
g_g000687,배우자,남자,40대
g_g000688,배우자,남자,50대
g_g000688,자녀,남자,10대
g_g000695,친구,여자,30대
g_g000695,친구,여자,30대
g_g000695,친구,여자,30대
g_g000698,형제/자매,여자,20대
g_g000698,배우자,남자,30대
g_g000698,부모,여자,50대
g_g000701,연인,남자,20대
g_g000702,자녀,남자,10대
g_g000702,부모,여자,70세이상
g_g000702,자녀,남자,10대
g_g000714,친구,여자,30대
g_g000716,배우자,남자,30대
g_g000717,조부모,여자,70세이상
g_g000717,형제/자매,여자,30대
g_g000717,부모,여자,60대
g_g000719,자녀,남자,~9세이하
g_g000719,배우자,남자,40대
g_g000722,자녀,남자,~9세이하
g_g000722,배우자,남자,40대
g_g000722,자녀,남자,~9세이하
g_g000727,배우자,여자,30대
g_g000727,자녀,여자,~9세이하
g_g000730,배우자,남자,30대
g_g000730,자녀,여자,~9세이하
g_g000730,자녀,여자,~9세이하
g_g000732,자녀,여자,~9세이하
g_g000732,배우자,남자,30대
g_g000734,자녀,남자,~9세이하
g_g000734,부모,여자,60대
g_g000734,배우자,남자,30대
g_g000734,부모,남자,60대
g_g000735,자녀,여자,~9세이하
g_g000735,자녀,여자,~9세이하
g_g000736,자녀,여자,~9세이하
g_g000736,자녀,여자,~9세이하
g_g000736,배우자,여자,30대
g_g000742,친구,여자,20대
g_g000742,친구,여자,20대
g_g000742,친구,남자,20대
g_g000743,배우자,여자,30대
g_g000743,자녀,여자,~9세이하
g_g000743,자녀,남자,~9세이하
g_g000747,자녀,남자,~9세이하
g_g000747,부모,여자,60대
g_g000751,배우자,남자,30대
g_g000754,친구,여자,50대
g_g000754,친구,여자,50대
g_g000754,친구,여자,50대
g_g000756,"친목 단체/모임(동호회, 종교단체 등)",남자,60대
g_g000756,"친목 단체/모임(동호회, 종교단체 등)",남자,60대
g_g000756,"친목 단체/모임(동호회, 종교단체 등)",남자,70세이상
g_g000758,연인,여자,20대
g_g000769,자녀,여자,~9세이하
g_g000769,배우자,남자,40대
g_g000770,배우자,여자,30대
g_g000773,친구,여자,30대
g_g000775,자녀,남자,~9세이하
g_g000775,배우자,남자,40대
g_g000776,조부모,여자,70세이상
g_g000776,부모,여자,50대
g_g000779,친구,여자,30대
g_g000779,친구,여자,20대
g_g000781,자녀,여자,~9세이하
g_g000781,자녀,여자,~9세이하
g_g000781,배우자,여자,40대
g_g000781,자녀,여자,~9세이하
g_g000781,자녀,여자,~9세이하
g_g000782,자녀,남자,~9세이하
g_g000782,배우자,남자,30대
g_g000785,연인,남자,40대
g_g000786,배우자,여자,40대
g_g000786,자녀,남자,~9세이하
g_g000786,자녀,남자,~9세이하
g_g000789,친구,남자,20대
g_g000790,배우자,남자,40대
g_g000790,자녀,남자,~9세이하
g_g000790,자녀,여자,~9세이하
g_g000790,자녀,남자,~9세이하
g_g000792,배우자,남자,40대
g_g000792,자녀,여자,~9세이하
g_g000792,부모,여자,70세이상
g_g000792,자녀,여자,~9세이하
g_g000792,부모,남자,70세이상
g_g000794,동료,여자,40대
g_g000794,동료,여자,40대
g_g000794,동료,여자,40대
g_g000794,동료,여자,40대
g_g000794,동료,여자,40대
g_g000794,동료,여자,40대
g_g000794,동료,여자,40대
g_g000794,동료,여자,40대
g_g000794,동료,여자,40대
g_g000794,동료,여자,40대
g_g000794,동료,여자,40대
g_g000794,동료,여자,40대
g_g000794,동료,여자,40대
g_g000794,동료,여자,40대
g_g000794,동료,여자,40대
g_g000794,동료,여자,40대
g_g000794,동료,여자,40대
g_g000794,동료,여자,40대
g_g000794,동료,여자,40대
g_g000794,동료,여자,40대
g_g000796,친구,여자,20대
g_g000804,배우자,여자,40대
g_g000804,자녀,남자,~9세이하
g_g000804,자녀,남자,10대
g_g000807,자녀,남자,10대
g_g000807,배우자,여자,40대
g_g000807,자녀,여자,~9세이하
g_g000808,배우자,남자,50대
g_g000809,부모,여자,70세이상
g_g000812,부모,여자,50대
g_g000812,부모,남자,50대
g_g000815,자녀,여자,~9세이하
g_g000815,배우자,남자,40대
g_g000818,자녀,남자,~9세이하
g_g000818,배우자,남자,40대
g_g000818,자녀,남자,~9세이하
g_g000819,배우자,여자,40대
g_g000819,자녀,여자,~9세이하
g_g000819,자녀,남자,~9세이하
g_g000820,자녀,여자,10대
g_g000820,배우자,남자,40대
g_g000820,자녀,여자,10대
g_g000826,배우자,남자,30대
g_g000826,자녀,여자,~9세이하
g_g000826,자녀,여자,~9세이하
g_g000831,배우자,남자,40대
g_g000831,자녀,남자,~9세이하
g_g000831,자녀,남자,~9세이하
g_g000832,자녀,여자,10대
g_g000832,배우자,남자,40대
g_g000832,자녀,여자,~9세이하
g_g000834,배우자,남자,40대
g_g000834,자녀,남자,~9세이하
g_g000834,자녀,여자,~9세이하
g_g000842,배우자,남자,40대
g_g000842,자녀,여자,~9세이하
g_g000842,친구,여자,40대
g_g000842,기타,여자,~9세이하
g_g000842,자녀,남자,10대
g_g000842,친구,남자,40대
g_g000842,기타,남자,10대
g_g000859,배우자,남자,40대
g_g000859,자녀,남자,~9세이하
g_g000861,자녀,여자,~9세이하
g_g000861,부모,여자,60대
g_g000861,배우자,남자,40대
g_g000861,부모,남자,70세이상
g_g000862,자녀,여자,~9세이하
g_g000862,배우자,여자,30대
g_g000866,부모,여자,70세이상
g_g000866,친인척,남자,~9세이하
g_g000866,친인척,남자,70세이상
g_g000866,친인척,여자,60대
g_g000866,친인척,여자,50대
g_g000866,친인척,여자,70세이상
g_g000866,부모,남자,70세이상
g_g000866,친인척,여자,40대
g_g000866,친인척,남자,70세이상
g_g000866,친인척,여자,60대
g_g000866,친인척,남자,50대
g_g000866,친인척,남자,70세이상
g_g000866,친인척,여자,70세이상
g_g000867,형제/자매,남자,40대
g_g000867,배우자,남자,40대
g_g000867,친인척,남자,10대
g_g000869,친구,여자,20대
g_g000871,배우자,남자,50대
g_g000875,배우자,남자,30대
g_g000875,자녀,남자,~9세이하
g_g000880,연인,남자,30대
g_g000881,친인척,남자,~9세이하
g_g000881,자녀,여자,~9세이하
g_g000881,부모,여자,70세이상
g_g000881,형제/자매,여자,40대
g_g000881,형제/자매,여자,40대
g_g000881,친인척,여자,40대
g_g000881,친인척,남자,10대
g_g000881,친인척,남자,10대
g_g000881,친인척,남자,~9세이하
g_g000881,배우자,여자,40대
g_g000881,부모,남자,70세이상
g_g000881,형제/자매,남자,50대
g_g000881,형제/자매,남자,40대
g_g000881,형제/자매,남자,40대
g_g000881,친인척,남자,10대
g_g000881,친인척,남자,10대
g_g000881,친인척,남자,10대
g_g000883,기타,여자,30대
g_g000892,배우자,여자,40대
g_g000892,자녀,여자,~9세이하
g_g000898,연인,여자,20대
g_g000899,자녀,남자,10대
g_g000899,배우자,남자,50대
g_g000901,자녀,여자,~9세이하
g_g000901,배우자,남자,40대
g_g000901,자녀,남자,~9세이하
g_g000906,배우자,남자,50대
g_g000906,자녀,남자,10대
g_g000906,자녀,남자,10대
g_g000907,연인,여자,20대
g_g000910,부모,남자,60대
g_g000910,형제/자매,여자,20대
g_g000910,부모,여자,50대
g_g000913,배우자,남자,30대
g_g000913,자녀,여자,~9세이하
g_g000920,친구,여자,50대
g_g000931,부모,남자,70세이상
g_g000931,자녀,여자,10대
g_g000931,부모,여자,60대
g_g000935,배우자,남자,30대
g_g000937,자녀,남자,10대
g_g000938,자녀,여자,10대
g_g000938,자녀,여자,~9세이하
g_g000938,친구,여자,40대
g_g000938,기타,여자,10대
g_g000938,배우자,남자,40대
g_g000938,자녀,여자,10대
g_g000938,친구,남자,40대
g_g000938,기타,남자,10대
g_g000938,기타,남자,~9세이하
g_g000939,배우자,여자,30대
g_g000939,부모,여자,60대
g_g000939,자녀,남자,~9세이하
g_g000940,친구,여자,30대
g_g000940,친구,여자,30대
g_g000943,부모,여자,50대
g_g000943,부모,남자,50대
g_g000944,친구,남자,20대
g_g000944,친구,남자,20대
g_g000946,배우자,여자,50대
g_g000947,연인,남자,30대
g_g000949,배우자,남자,40대
g_g000949,자녀,여자,~9세이하
g_g000950,"친목 단체/모임(동호회, 종교단체 등)",여자,50대
g_g000950,"친목 단체/모임(동호회, 종교단체 등)",여자,40대
g_g000950,"친목 단체/모임(동호회, 종교단체 등)",여자,50대
g_g000952,연인,남자,40대
g_g000954,부모,남자,70세이상
g_g000954,자녀,남자,10대
g_g000954,형제/자매,여자,30대
g_g000954,배우자,남자,40대
g_g000954,자녀,남자,10대
g_g000954,부모,여자,70세이상
g_g000957,친구,여자,20대
g_g000958,배우자,여자,30대
g_g000959,배우자,남자,40대
g_g000959,자녀,남자,10대
g_g000959,자녀,남자,10대
g_g000965,배우자,남자,30대
g_g000967,친구,여자,20대
g_g000967,친구,여자,20대
g_g000967,친구,여자,20대
g_g000972,배우자,남자,30대
g_g000974,자녀,여자,30대
g_g000976,자녀,남자,10대
g_g000976,배우자,남자,40대
g_g000976,자녀,남자,~9세이하
g_g000983,기타,남자,10대
g_g000983,기타,여자,10대
g_g000983,자녀,여자,40대
g_g000985,친구,여자,20대
g_g000986,연인,여자,20대
g_g000987,연인,여자,30대
g_g000988,연인,여자,30대
g_g000991,자녀,여자,~9세이하
g_g000991,배우자,여자,30대
g_g000993,연인,여자,20대
g_g000998,연인,남자,30대
g_g001002,연인,여자,30대
g_g001004,친구,남자,30대
g_g001006,배우자,남자,30대
g_g001008,배우자,여자,40대
g_g001008,자녀,남자,~9세이하
g_g001008,자녀,여자,10대
g_g001011,배우자,남자,40대
g_g001011,자녀,남자,~9세이하
g_g001011,자녀,여자,10대
g_g001014,연인,남자,30대
g_g001016,친구,여자,20대
g_g001016,친구,여자,20대
g_g001019,자녀,여자,~9세이하
g_g001019,배우자,남자,40대
g_g001022,배우자,여자,50대
g_g001026,자녀,남자,10대
g_g001026,배우자,남자,30대
g_g001026,자녀,여자,~9세이하
g_g001028,배우자,남자,30대
g_g001028,자녀,여자,~9세이하
g_g001030,부모,여자,60대
g_g001030,배우자,여자,30대
g_g001030,부모,남자,60대
g_g001033,배우자,남자,30대
g_g001034,자녀,여자,~9세이하
g_g001034,배우자,남자,40대
g_g001034,자녀,남자,~9세이하
g_g001036,배우자,남자,30대
g_g001036,친구,여자,20대
g_g001036,친구,남자,30대
g_g001036,기타,여자,~9세이하
g_g001038,자녀,여자,~9세이하
g_g001038,자녀,여자,~9세이하
g_g001040,연인,남자,30대
g_g001041,자녀,여자,~9세이하
g_g001041,배우자,여자,40대
g_g001046,자녀,남자,20대
g_g001046,배우자,남자,50대
g_g001047,친구,여자,20대
g_g001047,친구,여자,20대
g_g001050,부모,여자,70세이상
g_g001050,배우자,남자,50대
g_g001052,연인,여자,30대
g_g001056,부모,여자,70세이상
g_g001056,자녀,남자,~9세이하
g_g001056,형제/자매,여자,30대
g_g001056,친인척,남자,~9세이하
g_g001063,배우자,남자,40대
g_g001063,자녀,남자,~9세이하
g_g001063,자녀,남자,~9세이하
g_g001068,기타,여자,30대
g_g001070,자녀,남자,10대
g_g001070,부모,여자,70세이상
g_g001070,배우자,여자,40대
g_g001070,부모,남자,70세이상
g_g001076,자녀,여자,10대
g_g001076,배우자,여자,40대
g_g001076,자녀,남자,~9세이하
g_g001077,기타,남자,30대
g_g001077,연인,남자,30대
g_g001077,기타,여자,30대
g_g001081,자녀,여자,10대
g_g001081,자녀,여자,10대
g_g001083,연인,남자,20대
g_g001086,부모,여자,60대
g_g001095,친구,여자,30대
g_g001095,친구,남자,30대
g_g001095,친구,여자,30대
g_g001100,배우자,남자,50대
g_g001100,자녀,여자,20대
g_g001101,배우자,여자,40대
g_g001101,자녀,여자,~9세이하
g_g001103,친인척,여자,30대
g_g001104,친구,여자,30대
g_g001104,친구,남자,30대
g_g001106,형제/자매,남자,30대
g_g001107,친구,남자,30대
g_g001109,형제/자매,남자,40대
g_g001109,자녀,여자,~9세이하
g_g001109,형제/자매,여자,40대
g_g001111,자녀,남자,~9세이하
g_g001111,형제/자매,남자,30대
g_g001111,배우자,여자,30대
g_g001111,형제/자매,여자,30대
g_g001112,친구,여자,30대
g_g001114,연인,여자,20대
g_g001129,부모,여자,50대
g_g001129,부모,남자,50대
g_g001132,연인,남자,30대
g_g001133,배우자,남자,50대
g_g001135,친구,여자,30대
g_g001136,친구,여자,30대
g_g001136,친구,남자,30대
g_g001138,자녀,남자,10대
g_g001138,배우자,남자,40대
g_g001144,부모,여자,60대
g_g001148,부모,남자,60대
g_g001148,형제/자매,남자,20대
g_g001148,부모,여자,50대
g_g001151,부모,남자,70세이상
g_g001151,배우자,남자,40대
g_g001151,부모,여자,70세이상
g_g001154,배우자,남자,40대
g_g001154,자녀,남자,~9세이하
g_g001154,자녀,여자,10대
g_g001156,동료,남자,40대
g_g001156,동료,남자,40대
g_g001164,연인,남자,20대
g_g001166,배우자,남자,40대
g_g001169,배우자,남자,50대
g_g001171,배우자,여자,30대
g_g001171,자녀,여자,~9세이하
g_g001171,자녀,여자,~9세이하
g_g001178,친구,남자,30대
g_g001178,친구,남자,30대
g_g001189,부모,여자,70세이상
g_g001189,부모,남자,70세이상
g_g001189,자녀,남자,20대
g_g001191,배우자,여자,50대
g_g001197,부모,여자,70세이상
g_g001199,배우자,남자,40대
g_g001200,연인,남자,30대
g_g001203,자녀,여자,20대
g_g001203,배우자,남자,50대
g_g001204,자녀,남자,~9세이하
g_g001204,배우자,여자,40대
g_g001206,친구,여자,30대
g_g001208,배우자,남자,30대
g_g001208,자녀,남자,~9세이하
g_g001209,부모,여자,60대
g_g001219,부모,여자,60대
g_g001219,부모,남자,60대
g_g001221,자녀,남자,10대
g_g001221,자녀,여자,10대
g_g001221,배우자,남자,40대
g_g001222,동료,여자,20대
g_g001223,배우자,남자,40대
g_g001223,자녀,여자,10대
g_g001223,자녀,여자,10대
g_g001224,연인,남자,30대
g_g001227,자녀,남자,10대
g_g001227,자녀,남자,10대
g_g001230,배우자,남자,30대
g_g001230,친인척,남자,20대
g_g001230,친인척,남자,20대
g_g001231,연인,남자,30대
g_g001233,자녀,남자,~9세이하
g_g001233,자녀,남자,~9세이하
g_g001233,배우자,여자,30대
g_g001237,배우자,남자,30대
g_g001243,연인,여자,30대
g_g001250,연인,남자,20대
g_g001256,친구,여자,20대
g_g001256,친구,여자,20대
g_g001257,부모,여자,70세이상
g_g001257,형제/자매,여자,40대
g_g001258,동료,여자,40대
g_g001258,동료,여자,50대
g_g001258,동료,여자,50대
g_g001258,동료,여자,30대
g_g001258,동료,여자,40대
g_g001261,자녀,여자,~9세이하
g_g001261,배우자,남자,40대
g_g001273,자녀,남자,10대
g_g001273,배우자,남자,40대
g_g001276,자녀,여자,~9세이하
g_g001276,배우자,남자,40대
g_g001280,연인,남자,20대
g_g001288,배우자,남자,30대
g_g001289,부모,남자,70세이상
g_g001289,형제/자매,여자,50대
g_g001289,부모,여자,70세이상
g_g001289,배우자,남자,50대
g_g001290,친인척,여자,50대
g_g001290,부모,남자,70세이상
g_g001290,형제/자매,여자,50대
g_g001290,부모,여자,70세이상
g_g001291,배우자,남자,40대
g_g001293,부모,여자,50대
g_g001296,친구,남자,30대
g_g001296,친구,남자,30대
g_g001299,친구,여자,30대
g_g001299,친구,남자,30대
g_g001299,친구,여자,30대
g_g001299,친구,여자,30대
g_g001300,형제/자매,여자,10대
g_g001300,부모,남자,50대
g_g001300,친인척,여자,50대
g_g001301,연인,여자,30대
g_g001305,부모,여자,50대
g_g001309,형제/자매,남자,10대
g_g001313,친구,여자,20대
g_g001315,자녀,여자,10대
g_g001315,배우자,여자,40대
g_g001315,자녀,여자,~9세이하
g_g001319,배우자,남자,50대
g_g001319,자녀,여자,20대
g_g001319,자녀,남자,30대
g_g001320,연인,남자,30대
g_g001322,연인,여자,30대
g_g001323,배우자,남자,50대
g_g001329,배우자,여자,30대
g_g001337,연인,남자,20대
g_g001343,자녀,남자,~9세이하
g_g001343,자녀,남자,~9세이하
g_g001343,배우자,남자,30대
g_g001343,자녀,남자,~9세이하
g_g001344,부모,여자,60대
g_g001346,배우자,여자,40대
g_g001346,자녀,여자,~9세이하
g_g001346,자녀,남자,~9세이하
g_g001350,자녀,여자,~9세이하
g_g001350,자녀,남자,~9세이하
g_g001352,부모,남자,50대
g_g001352,형제/자매,여자,30대
g_g001352,부모,여자,50대
g_g001353,연인,남자,20대
g_g001362,부모,남자,50대
g_g001362,형제/자매,여자,20대
g_g001362,부모,여자,50대
g_g001364,배우자,남자,30대
g_g001371,배우자,남자,30대
g_g001371,자녀,남자,~9세이하
g_g001374,자녀,남자,~9세이하
g_g001374,동료,남자,20대
g_g001374,기타,남자,~9세이하
g_g001374,배우자,여자,30대
g_g001374,자녀,여자,~9세이하
g_g001374,동료,여자,20대
g_g001374,기타,여자,~9세이하
g_g001381,연인,남자,30대
g_g001383,친구,여자,20대
g_g001383,친구,여자,20대
g_g001383,친구,여자,20대
g_g001386,배우자,여자,40대
g_g001386,자녀,여자,10대
g_g001386,자녀,여자,10대
g_g001388,자녀,남자,~9세이하
g_g001388,배우자,남자,30대
g_g001388,자녀,여자,~9세이하
g_g001556,배우자,남자,40대
g_g001563,자녀,여자,10대
g_g001563,배우자,여자,40대
g_g001564,배우자,남자,30대
g_g001564,자녀,남자,~9세이하
g_g001565,자녀,남자,10대
g_g001566,배우자,여자,30대
g_g001567,배우자,남자,30대
g_g001567,자녀,여자,~9세이하
g_g001575,배우자,여자,30대
g_g001575,부모,여자,50대
g_g001575,자녀,남자,~9세이하
g_g001575,부모,남자,50대
g_g001575,형제/자매,남자,30대
g_g001576,부모,여자,60대
g_g001584,친구,여자,30대
g_g001587,연인,남자,30대
g_g001598,배우자,남자,40대
g_g001598,자녀,여자,~9세이하
g_g001598,기타,여자,40대
g_g001598,자녀,남자,10대
g_g001598,기타,남자,40대
g_g001598,기타,남자,~9세이하
g_g001599,연인,남자,20대
g_g001603,연인,여자,40대
g_g001606,자녀,남자,~9세이하
g_g001611,친구,여자,30대
g_g001612,자녀,남자,~9세이하
g_g001612,자녀,여자,10대
g_g001614,배우자,남자,30대
g_g001615,자녀,여자,~9세이하
g_g001615,자녀,남자,~9세이하
g_g001615,배우자,여자,30대
g_g001619,배우자,남자,60대
g_g001623,배우자,남자,40대
g_g001623,자녀,여자,10대
g_g001623,자녀,남자,~9세이하
g_g001625,배우자,남자,50대
g_g001627,부모,남자,70세이상
g_g001627,배우자,남자,30대
g_g001627,부모,여자,60대
g_g001630,부모,여자,50대
g_g001640,자녀,여자,10대
g_g001640,배우자,남자,50대
g_g001640,자녀,여자,10대
g_g001644,친구,여자,30대
g_g001645,자녀,여자,~9세이하
g_g001645,자녀,여자,~9세이하
g_g001645,배우자,남자,40대
g_g001645,자녀,남자,~9세이하
g_g001646,부모,여자,60대
g_g001646,부모,남자,60대
g_g001646,조부모,여자,70세이상
g_g001648,친구,여자,30대
g_g001650,자녀,남자,~9세이하
g_g001650,배우자,남자,40대
g_g001650,자녀,여자,~9세이하
g_g001651,배우자,남자,30대
g_g001662,배우자,여자,30대
g_g001662,자녀,여자,~9세이하
g_g001665,배우자,남자,60대
g_g001665,자녀,여자,40대
g_g001668,연인,남자,20대
g_g001673,연인,여자,20대
g_g001674,자녀,여자,~9세이하
g_g001674,배우자,남자,30대
g_g001677,자녀,여자,~9세이하
g_g001677,배우자,남자,40대
g_g001677,자녀,여자,~9세이하
g_g001678,친구,여자,30대
g_g001678,친구,여자,30대
g_g001679,친구,남자,30대
g_g001681,연인,여자,20대
g_g001682,자녀,남자,~9세이하
g_g001682,배우자,여자,30대
g_g001686,배우자,남자,30대
g_g001689,연인,남자,30대
g_g001690,친구,여자,20대
g_g001690,친구,여자,20대
g_g001692,자녀,남자,20대
g_g001692,배우자,남자,50대
g_g001693,연인,남자,20대
g_g001694,친구,여자,20대
g_g001697,자녀,남자,10대
g_g001697,자녀,여자,40대
g_g001697,자녀,여자,~9세이하
g_g001700,친구,남자,30대
g_g001700,친구,남자,30대
g_g001701,자녀,남자,10대
g_g001701,배우자,여자,40대
g_g001702,연인,남자,20대
g_g001703,연인,여자,20대
g_g001708,배우자,남자,30대
g_g001715,부모,남자,70세이상
g_g001715,형제/자매,여자,40대
g_g001715,부모,여자,70세이상
g_g001718,연인,남자,30대
g_g001721,친구,남자,30대
g_g001721,친구,남자,30대
g_g001722,부모,여자,50대
g_g001724,연인,남자,30대
g_g001733,연인,남자,20대
g_g001740,부모,여자,50대
g_g001753,형제/자매,여자,30대
g_g001755,자녀,남자,10대
g_g001755,배우자,여자,30대
g_g001755,자녀,남자,~9세이하
g_g001761,배우자,여자,50대
g_g001761,자녀,여자,20대
g_g001763,자녀,여자,~9세이하
g_g001763,배우자,남자,40대
g_g001763,자녀,여자,10대
g_g001764,배우자,여자,40대
g_g001764,자녀,남자,10대
g_g001765,연인,여자,20대
g_g001768,부모,여자,60대
g_g001768,자녀,남자,~9세이하
g_g001768,배우자,남자,30대
g_g001768,자녀,남자,~9세이하
g_g001779,친구,여자,30대
g_g001780,부모,여자,70세이상
g_g001780,자녀,남자,~9세이하
g_g001780,부모,남자,70세이상
g_g001780,자녀,남자,~9세이하
g_g001786,배우자,남자,40대
g_g001786,자녀,남자,~9세이하
g_g001786,자녀,여자,10대
g_g001789,친구,여자,20대
g_g001791,부모,남자,60대
g_g001791,부모,남자,60대
g_g001794,형제/자매,여자,20대
g_g001795,배우자,남자,40대
g_g001795,자녀,여자,10대
g_g001795,자녀,남자,10대
g_g001797,자녀,남자,10대
g_g001797,부모,남자,60대
g_g001797,자녀,남자,10대
g_g001797,부모,여자,60대
g_g001798,배우자,여자,30대
g_g001798,자녀,남자,~9세이하
g_g001799,형제/자매,여자,20대
g_g001803,자녀,여자,10대
g_g001803,배우자,남자,40대
g_g001803,자녀,여자,10대
g_g001806,배우자,남자,30대
g_g001810,자녀,여자,~9세이하
g_g001810,배우자,여자,30대
g_g001810,자녀,남자,~9세이하
g_g001812,배우자,남자,30대
g_g001812,자녀,남자,~9세이하
g_g001812,자녀,남자,~9세이하
g_g001818,동료,여자,20대
g_g001818,동료,여자,20대
g_g001818,동료,여자,20대
g_g001819,연인,여자,20대
g_g001826,자녀,여자,10대
g_g001826,자녀,여자,~9세이하
g_g001826,배우자,남자,40대
g_g001826,자녀,여자,10대
g_g001832,자녀,남자,~9세이하
g_g001832,배우자,남자,30대
g_g001833,자녀,여자,~9세이하
g_g001833,배우자,남자,30대
g_g001833,자녀,여자,~9세이하
g_g001834,친구,남자,20대
g_g001834,연인,남자,20대
g_g001834,친구,여자,20대
g_g001836,자녀,남자,~9세이하
g_g001836,자녀,여자,~9세이하
g_g001837,연인,남자,20대
g_g001846,연인,여자,20대
g_g001850,부모,남자,70세이상
g_g001850,부모,여자,60대
g_g001856,배우자,남자,40대
g_g001857,자녀,여자,30대
g_g001859,자녀,남자,10대
g_g001859,부모,여자,60대
g_g001859,부모,남자,70세이상
g_g001868,연인,남자,40대
g_g001868,부모,여자,70세이상
g_g001875,자녀,남자,~9세이하
g_g001875,배우자,여자,30대
g_g001875,자녀,여자,~9세이하
g_g001876,친구,남자,50대
g_g001876,친구,여자,30대
g_g001876,친구,남자,40대
g_g001877,자녀,남자,~9세이하
g_g001877,배우자,남자,30대
g_g001879,배우자,남자,30대
g_g001880,기타,남자,60대
g_g001880,기타,여자,60대
g_g001880,연인,남자,30대
g_g001880,기타,남자,30대
g_g001880,부모,남자,60대
g_g001881,연인,여자,20대
g_g001882,연인,남자,20대
g_g001882,형제/자매,남자,10대
g_g001884,친인척,여자,50대
g_g001888,배우자,남자,40대
g_g001888,자녀,남자,~9세이하
g_g001890,배우자,남자,40대
g_g001895,연인,남자,30대
g_g001900,배우자,여자,30대
g_g001913,자녀,남자,~9세이하
g_g001913,배우자,남자,30대
g_g001914,부모,여자,50대
g_g001916,친구,여자,20대
g_g001920,자녀,남자,~9세이하
g_g001920,형제/자매,여자,30대
g_g001920,자녀,남자,~9세이하
g_g001929,친구,여자,30대
g_g001932,연인,남자,20대
g_g001947,친구,여자,20대
g_g001947,친구,여자,20대
g_g001947,친구,여자,20대
g_g001954,연인,남자,30대
g_g001963,배우자,여자,40대
g_g001965,부모,남자,50대
g_g001965,형제/자매,남자,20대
g_g001965,부모,여자,50대
g_g001977,자녀,여자,30대
g_g001977,기타,여자,~9세이하
g_g001977,자녀,남자,30대
g_g001977,기타,남자,~9세이하
g_g001981,연인,여자,20대
g_g001984,연인,남자,20대
g_g001993,배우자,남자,30대
g_g002014,자녀,여자,~9세이하
g_g002014,배우자,여자,30대
g_g002017,배우자,남자,30대
g_g002019,친구,여자,20대
g_g002028,자녀,남자,~9세이하
g_g002028,자녀,남자,~9세이하
g_g002028,배우자,여자,40대
g_g002032,자녀,남자,~9세이하
g_g002032,친구,여자,30대
g_g002032,기타,여자,~9세이하
g_g002032,배우자,남자,40대
g_g002032,친구,남자,40대
g_g002032,기타,남자,~9세이하
g_g002035,자녀,여자,20대
g_g002037,연인,남자,30대
g_g002041,배우자,남자,60대
g_g002046,배우자,남자,40대
g_g002056,친구,여자,50대
g_g002056,친구,여자,40대
g_g002056,친구,여자,50대
g_g002059,자녀,여자,20대
g_g002059,배우자,여자,50대
g_g002073,배우자,남자,30대
g_g002075,친구,여자,30대
g_g002075,친구,여자,30대
g_g002078,연인,남자,20대
g_g002078,친구,여자,20대
g_g002078,친구,여자,30대
g_g002088,부모,여자,50대
g_g002088,부모,남자,50대
g_g002089,연인,남자,20대
g_g002094,연인,여자,20대
g_g002098,배우자,여자,60대
g_g002098,친인척,남자,60대
g_g002104,연인,남자,30대
g_g002109,배우자,남자,70세이상
g_g002109,자녀,여자,30대
g_g002110,부모,남자,70세이상
g_g002110,형제/자매,여자,30대
g_g002110,부모,여자,60대
g_g002120,부모,여자,70세이상
g_g002122,기타,여자,~9세이하
g_g002127,연인,남자,30대
g_g002130,자녀,남자,10대
g_g002130,형제/자매,여자,30대
g_g002130,친인척,남자,~9세이하
g_g002130,자녀,여자,10대
g_g002130,자녀,남자,~9세이하
g_g002130,친인척,여자,~9세이하
g_g002130,부모,여자,60대
g_g002134,연인,남자,30대
g_g002144,연인,남자,20대
g_g002151,친구,여자,20대
g_g002152,부모,여자,50대
g_g002152,부모,남자,50대
g_g002154,배우자,여자,30대
g_g002156,연인,남자,20대
g_g002159,연인,남자,40대
g_g002164,연인,여자,20대
g_g002176,배우자,남자,30대
g_g002176,자녀,남자,~9세이하
g_g002178,연인,남자,20대
g_g002189,친구,여자,20대
g_g002190,친인척,여자,20대
g_g002195,배우자,남자,30대
g_g002202,연인,남자,30대
g_g002207,친인척,여자,20대
g_g002207,친인척,여자,30대
g_g002207,형제/자매,여자,50대
g_g002212,연인,여자,30대
g_g002214,친구,남자,30대
g_g002214,친구,남자,30대
g_g002214,친구,남자,30대
g_g002214,친구,남자,30대
g_g002219,배우자,여자,30대
g_g002219,자녀,남자,~9세이하
g_g002220,친구,남자,50대
g_g002222,자녀,남자,10대
g_g002222,배우자,남자,40대
g_g002223,친구,남자,30대
g_g002230,친구,여자,20대
g_g002230,친구,여자,30대
g_g002232,연인,여자,20대
g_g002233,배우자,여자,30대
g_g002235,부모,여자,70세이상
g_g002238,부모,여자,50대
g_g002241,자녀,여자,~9세이하
g_g002241,기타,남자,~9세이하
g_g002241,형제/자매,여자,30대
g_g002241,부모,여자,50대
g_g002244,자녀,여자,20대
g_g002245,"친목 단체/모임(동호회, 종교단체 등)",여자,40대
g_g002245,"친목 단체/모임(동호회, 종교단체 등)",여자,30대
g_g002245,"친목 단체/모임(동호회, 종교단체 등)",여자,~9세이하
g_g002245,배우자,남자,40대
g_g002245,자녀,여자,10대
g_g002245,"친목 단체/모임(동호회, 종교단체 등)",남자,40대
g_g002245,"친목 단체/모임(동호회, 종교단체 등)",남자,40대
g_g002245,"친목 단체/모임(동호회, 종교단체 등)",남자,~9세이하
g_g002245,자녀,남자,10대
g_g002247,형제/자매,남자,20대
g_g002247,부모,여자,50대
g_g002255,배우자,여자,30대
g_g002256,부모,여자,60대
g_g002256,부모,남자,70세이상
g_g002256,형제/자매,여자,20대
g_g002258,형제/자매,남자,40대
g_g002258,친인척,여자,~9세이하
g_g002258,형제/자매,여자,40대
g_g002258,자녀,여자,~9세이하
g_g002258,형제/자매,여자,40대
g_g002258,형제/자매,남자,40대
g_g002258,친인척,여자,~9세이하
g_g002258,배우자,여자,40대
g_g002262,배우자,남자,40대
g_g002262,자녀,여자,~9세이하
g_g002264,연인,남자,30대
g_g002271,연인,남자,20대
g_g002273,배우자,남자,40대
g_g002273,자녀,여자,10대
g_g002273,자녀,남자,~9세이하
g_g002275,배우자,여자,30대
g_g002412,부모,여자,50대
g_g002412,형제/자매,여자,20대
g_g002416,배우자,여자,30대
g_g002416,자녀,남자,~9세이하
g_g002416,자녀,여자,10대
g_g002421,연인,여자,30대
g_g002429,친구,여자,50대
g_g002438,친구,여자,40대
g_g002438,친구,여자,40대
g_g002438,친구,여자,40대
g_g002438,친구,여자,40대
g_g002440,연인,여자,20대
g_g002441,배우자,여자,40대
g_g002441,자녀,여자,~9세이하
g_g002441,자녀,여자,10대
g_g002445,친구,여자,20대
g_g002445,친구,여자,20대
g_g002446,연인,여자,20대
g_g002460,연인,남자,50대
g_g002465,자녀,여자,20대
g_g002466,자녀,남자,~9세이하
g_g002466,배우자,남자,30대
g_g002472,배우자,남자,70세이상
g_g002472,자녀,여자,30대
g_g002472,자녀,여자,30대
g_g002473,연인,여자,30대
g_g002475,배우자,남자,50대
g_g002475,자녀,남자,20대
g_g002475,자녀,남자,20대
g_g002478,연인,남자,20대
g_g002492,배우자,여자,30대
g_g002492,자녀,남자,~9세이하
g_g002496,배우자,남자,60대
g_g002496,기타,남자,40대
g_g002496,기타,남자,~9세이하
g_g002496,자녀,여자,30대
g_g002496,기타,여자,~9세이하
g_g002500,자녀,남자,10대
g_g002512,배우자,남자,30대
g_g002513,형제/자매,여자,30대
g_g002513,부모,여자,50대
g_g002516,배우자,여자,30대
g_g002519,자녀,남자,10대
g_g002519,친인척,여자,~9세이하
g_g002519,형제/자매,여자,30대
g_g002521,자녀,남자,~9세이하
g_g002521,배우자,남자,40대
g_g002533,배우자,남자,40대
g_g002533,자녀,여자,~9세이하
g_g002538,연인,여자,20대
g_g002542,연인,여자,30대
g_g002543,배우자,여자,30대
g_g002545,친구,여자,20대
g_g002545,친구,여자,20대
g_g002545,친구,여자,20대
g_g002546,자녀,남자,~9세이하
g_g002546,형제/자매,여자,20대
g_g002546,배우자,여자,30대
g_g002546,부모,여자,50대
g_g002552,친구,여자,20대
g_g002552,친구,여자,20대
g_g002552,친구,여자,20대
g_g002560,친구,여자,20대
g_g002565,배우자,여자,30대
g_g002565,자녀,여자,~9세이하
g_g002570,연인,남자,30대
g_g002585,자녀,여자,~9세이하
g_g002585,배우자,남자,40대
g_g002588,자녀,여자,~9세이하
g_g002588,배우자,여자,30대
g_g002593,자녀,여자,~9세이하
g_g002593,자녀,여자,~9세이하
g_g002593,배우자,여자,30대
g_g002603,배우자,남자,30대
g_g002606,배우자,여자,50대
g_g002607,자녀,여자,~9세이하
g_g002607,배우자,여자,30대
g_g002607,자녀,남자,~9세이하
g_g002612,연인,여자,20대
g_g002616,배우자,여자,60대
g_g002622,친구,여자,20대
g_g002622,친구,여자,20대
g_g002622,친구,여자,20대
g_g002624,자녀,여자,~9세이하
g_g002624,배우자,여자,40대
g_g002626,친인척,여자,70세이상
g_g002627,자녀,남자,~9세이하
g_g002627,배우자,남자,40대
g_g002627,자녀,남자,~9세이하
g_g002631,부모,여자,50대
g_g002633,배우자,남자,30대
g_g002634,연인,남자,20대
g_g002636,배우자,남자,40대
g_g002638,친구,여자,20대
g_g002647,자녀,여자,~9세이하
g_g002647,배우자,남자,30대
g_g002648,자녀,남자,~9세이하
g_g002648,배우자,남자,40대
g_g002648,부모,여자,60대
g_g002658,친구,여자,30대
g_g002658,친구,여자,30대
g_g002658,친구,여자,30대
g_g002668,연인,남자,30대
g_g002671,연인,남자,20대
g_g002679,배우자,남자,30대
g_g002679,자녀,남자,~9세이하
g_g002680,연인,남자,30대
g_g002683,자녀,남자,10대
g_g002683,배우자,여자,40대
g_g002683,자녀,여자,~9세이하
g_g002688,배우자,남자,30대
g_g002688,부모,남자,60대
g_g002688,자녀,남자,~9세이하
g_g002688,부모,여자,50대
g_g002690,연인,남자,20대
g_g002691,자녀,남자,20대
g_g002691,배우자,남자,60대
g_g002693,친구,여자,30대
g_g002702,자녀,여자,10대
g_g002702,자녀,남자,10대
g_g002703,배우자,남자,50대
g_g002704,친인척,남자,~9세이하
g_g002704,형제/자매,여자,40대
g_g002704,친인척,남자,~9세이하
g_g002705,친구,여자,20대
g_g002705,친구,여자,20대
g_g002711,부모,남자,60대
g_g002711,배우자,남자,30대
g_g002711,부모,여자,60대
g_g002718,친구,남자,30대
g_g002718,친구,남자,30대
g_g002718,친구,남자,30대
g_g002718,친구,남자,30대
g_g002719,연인,여자,20대
g_g002731,친구,남자,30대
g_g002732,연인,남자,20대
g_g002735,친구,남자,30대
g_g002738,배우자,여자,50대
g_g002745,배우자,여자,40대
g_g002752,연인,남자,20대
g_g002753,연인,남자,20대
g_g002759,배우자,남자,40대
g_g002759,자녀,남자,10대
g_g002759,자녀,여자,10대
g_g002760,자녀,남자,10대
g_g002760,배우자,남자,40대
g_g002760,자녀,남자,10대
g_g002762,배우자,남자,40대
g_g002762,자녀,여자,~9세이하
g_g002762,자녀,남자,~9세이하
g_g002764,자녀,여자,20대
g_g002764,배우자,남자,50대
g_g002764,자녀,여자,10대
g_g002766,부모,남자,60대
g_g002766,친인척,남자,40대
g_g002766,친인척,남자,~9세이하
g_g002766,배우자,남자,40대
g_g002766,부모,여자,60대
g_g002766,형제/자매,여자,40대
g_g002766,친인척,여자,~9세이하
g_g002767,자녀,남자,~9세이하
g_g002770,연인,남자,30대
g_g002776,배우자,남자,30대
g_g002776,자녀,남자,~9세이하
g_g002784,연인,여자,30대
g_g002793,연인,여자,20대
g_g002795,배우자,여자,50대
g_g002798,친구,남자,20대
g_g002798,친구,여자,30대
g_g002798,친구,남자,20대
g_g002802,배우자,남자,40대
g_g002804,동료,여자,30대
g_g002809,연인,여자,20대
g_g002811,연인,남자,20대
g_g002819,형제/자매,여자,30대
g_g002820,배우자,남자,40대
g_g002820,자녀,여자,~9세이하
g_g002820,자녀,여자,10대
g_g002825,친구,남자,20대
g_g002825,친구,남자,20대
g_g002827,연인,남자,20대
g_g002828,친구,남자,50대
g_g002829,부모,여자,70세이상
g_g002829,배우자,여자,40대
g_g002829,부모,남자,70세이상
g_g002829,자녀,여자,~9세이하
g_g002832,연인,남자,30대
g_g002833,배우자,남자,40대
g_g002833,자녀,여자,~9세이하
g_g002833,자녀,남자,~9세이하
g_g002833,자녀,여자,~9세이하
g_g002837,친구,여자,30대
g_g002838,친구,남자,20대
g_g002838,친구,남자,20대
g_g002838,친구,여자,20대
g_g002838,친구,남자,20대
g_g002838,친구,남자,20대
g_g002838,친구,여자,20대
g_g002838,친구,여자,20대
g_g002841,연인,남자,20대
g_g002842,자녀,남자,~9세이하
g_g002842,자녀,남자,~9세이하
g_g002842,배우자,남자,40대
g_g002851,친구,남자,20대
g_g002854,친구,여자,30대
g_g002854,친구,여자,30대
g_g002854,친구,여자,30대
g_g002867,친구,여자,20대
g_g002872,부모,남자,50대
g_g002872,연인,남자,30대
g_g002872,부모,여자,50대
g_g002872,형제/자매,남자,20대
g_g002872,기타,여자,20대
g_g002874,부모,여자,60대
g_g002874,친인척,여자,10대
g_g002874,자녀,여자,~9세이하
g_g002874,형제/자매,여자,40대
g_g002875,연인,남자,20대
g_g002880,연인,여자,20대
g_g002886,형제/자매,여자,20대
g_g002887,배우자,여자,30대
g_g002890,자녀,여자,20대
g_g002890,자녀,남자,20대
g_g002891,친인척,여자,50대
g_g002891,부모,여자,50대
g_g002891,형제/자매,남자,20대
g_g002891,친인척,남자,40대
g_g002891,친인척,남자,40대
g_g002891,친인척,남자,50대
g_g002891,부모,남자,50대
g_g002891,조부모,여자,70세이상
g_g002891,형제/자매,여자,20대
g_g002891,친인척,여자,40대
g_g002891,친인척,여자,40대
g_g002896,연인,여자,20대
g_g002897,친구,여자,20대
g_g002900,연인,여자,30대
g_g002903,배우자,남자,30대
g_g002903,자녀,여자,~9세이하
g_g002903,자녀,여자,10대
g_g002906,연인,남자,30대
g_g002907,연인,여자,30대
g_g002908,친인척,남자,70세이상
g_g002908,친인척,여자,60대
g_g002908,배우자,남자,70세이상
g_g002908,친인척,여자,70세이상
g_g002912,연인,여자,20대
g_g002916,자녀,여자,10대
g_g002916,자녀,남자,~9세이하
g_g002916,배우자,여자,40대
g_g002916,자녀,여자,10대
g_g002918,부모,여자,70세이상
g_g002918,부모,남자,70세이상
g_g002933,연인,남자,20대
g_g002943,배우자,남자,50대
g_g002944,부모,남자,50대
g_g002944,형제/자매,남자,20대
g_g002944,부모,여자,50대
g_g002944,형제/자매,여자,20대
g_g002949,자녀,여자,~9세이하
g_g002949,자녀,여자,~9세이하
g_g002949,배우자,여자,40대
g_g002952,연인,남자,20대
g_g002953,배우자,여자,40대
g_g002953,자녀,남자,10대
g_g002953,자녀,여자,10대
g_g002963,연인,남자,20대
g_g002967,배우자,여자,50대
g_g002974,친인척,여자,~9세이하
g_g002974,부모,여자,60대
g_g002974,자녀,여자,10대
g_g002974,부모,남자,60대
g_g002975,부모,여자,60대
g_g002986,자녀,남자,~9세이하
g_g002986,친구,남자,30대
g_g002986,배우자,남자,30대
g_g002986,친구,여자,30대
g_g002988,연인,남자,20대
g_g002989,친구,여자,20대
g_g002991,연인,남자,30대
g_g002993,연인,남자,20대
g_g002993,"친목 단체/모임(동호회, 종교단체 등)",여자,20대
g_g002993,"친목 단체/모임(동호회, 종교단체 등)",남자,20대
g_g002993,"친목 단체/모임(동호회, 종교단체 등)",남자,20대
g_g002993,"친목 단체/모임(동호회, 종교단체 등)",여자,20대
g_g002993,"친목 단체/모임(동호회, 종교단체 등)",남자,20대
g_g002993,"친목 단체/모임(동호회, 종교단체 등)",남자,20대
g_g002993,"친목 단체/모임(동호회, 종교단체 등)",남자,20대
g_g003004,동료,여자,30대
g_g003019,자녀,여자,10대
g_g003019,친구,여자,50대
g_g003019,친구,남자,50대
g_g003019,친구,남자,50대
g_g003019,자녀,남자,10대
g_g003019,친구,남자,50대
g_g003019,친구,여자,50대
g_g003019,친구,남자,50대
g_g003019,배우자,여자,40대
g_g003026,부모,남자,70세이상
g_g003028,연인,남자,30대
g_g003029,친구,여자,60대
g_g003029,친구,여자,60대
g_g003029,친구,여자,60대
g_g003029,친구,여자,60대
g_g003029,친구,여자,60대
g_g003029,친구,여자,60대
g_g003034,배우자,여자,30대
g_g003039,배우자,여자,30대
g_g003039,자녀,여자,10대
g_g003039,자녀,여자,10대
g_g003039,자녀,여자,~9세이하
g_g003042,부모,여자,50대
g_g003042,형제/자매,여자,20대
g_g003042,부모,남자,50대
g_g003043,부모,여자,60대
g_g003047,친구,여자,20대
g_g003047,친구,여자,20대
g_g003050,연인,남자,20대
g_g003051,배우자,남자,30대
g_g003051,자녀,남자,~9세이하
g_g003053,배우자,남자,50대
g_g003059,배우자,여자,50대
g_g003061,친구,여자,20대
g_g003062,형제/자매,여자,20대
g_g003064,연인,여자,20대
g_g003065,친구,남자,20대
g_g003068,연인,남자,30대
g_g003071,친구,여자,30대
g_g003077,배우자,남자,30대
g_g003079,연인,남자,20대
g_g003086,연인,남자,20대
g_g003090,배우자,여자,50대
g_g003096,연인,남자,20대
g_g003097,연인,남자,20대
g_g003098,연인,여자,20대
g_g003104,자녀,남자,~9세이하
g_g003104,친인척,남자,40대
g_g003104,배우자,남자,40대
g_g003104,부모,여자,60대
g_g003108,자녀,남자,~9세이하
g_g003108,배우자,남자,40대
g_g003108,자녀,여자,~9세이하
g_g003118,부모,남자,60대
g_g003118,배우자,남자,30대
g_g003118,부모,여자,60대
g_g003120,연인,남자,20대
g_g003130,부모,여자,60대
g_g003130,자녀,여자,~9세이하
g_g003130,형제/자매,여자,40대
g_g003130,친인척,여자,10대
g_g003130,형제/자매,남자,30대
g_g003130,배우자,남자,40대
g_g003130,자녀,여자,~9세이하
g_g003130,친인척,남자,40대
g_g003130,친인척,남자,~9세이하
g_g003135,자녀,여자,10대
g_g003135,배우자,남자,40대
g_g003135,자녀,남자,~9세이하
g_g003137,친구,여자,20대
g_g003143,연인,남자,30대
g_g003145,배우자,여자,30대
g_g003145,부모,여자,60대
g_g003145,부모,남자,50대
g_g003150,배우자,여자,30대
g_g003151,친구,여자,20대
g_g003151,친구,여자,20대
g_g003154,자녀,여자,30대
g_g003154,기타,남자,10대
g_g003154,자녀,남자,40대
g_g003154,기타,여자,10대
g_g003162,자녀,여자,~9세이하
g_g003162,배우자,여자,30대
g_g003162,자녀,여자,~9세이하
g_g003165,형제/자매,여자,30대
g_g003168,자녀,여자,~9세이하
g_g003168,부모,여자,60대
g_g003168,친인척,여자,30대
g_g003168,친인척,여자,~9세이하
g_g003168,배우자,남자,40대
g_g003168,부모,남자,60대
g_g003168,형제/자매,남자,30대
g_g003168,친인척,여자,~9세이하
g_g003169,친구,남자,30대
g_g003174,친구,여자,40대
g_g003174,친구,여자,40대
g_g003174,친구,여자,40대
g_g003174,친구,여자,40대
g_g003177,동료,남자,40대
g_g003177,기타,남자,~9세이하
g_g003177,기타,여자,~9세이하
g_g003177,동료,남자,40대
g_g003177,동료,남자,30대
g_g003177,기타,여자,10대
g_g003177,기타,여자,~9세이하
g_g003179,친구,여자,20대
g_g003182,친인척,남자,20대
g_g003182,친인척,남자,20대
g_g003182,형제/자매,남자,30대
g_g003182,친인척,여자,20대
g_g003182,친인척,남자,20대
g_g003189,친구,여자,30대
g_g003192,자녀,남자,~9세이하
g_g003192,자녀,남자,~9세이하
g_g003192,배우자,여자,40대
g_g003193,친구,여자,20대
g_g003194,배우자,남자,30대
g_g003194,자녀,여자,~9세이하
g_g003195,친구,남자,60대
g_g003195,친구,남자,50대
g_g003196,친구,여자,30대
g_g003199,연인,여자,20대
g_g003200,부모,남자,50대
g_g003200,형제/자매,남자,20대
g_g003200,부모,여자,50대
g_g003202,자녀,남자,~9세이하
g_g003202,형제/자매,남자,20대
g_g003202,배우자,여자,30대
g_g003202,부모,여자,60대
g_g003208,연인,남자,20대
g_g003210,연인,남자,30대
g_g003212,자녀,남자,~9세이하
g_g003212,배우자,여자,30대
g_g003217,친구,여자,30대
g_g003217,친구,여자,20대
g_g003217,친구,남자,30대
g_g003217,친구,여자,20대
g_g003221,부모,여자,50대
g_g003224,배우자,남자,30대
g_g003227,자녀,남자,~9세이하
g_g003227,배우자,남자,30대
g_g003235,친구,여자,20대
g_g003235,친구,여자,20대
g_g003238,배우자,여자,20대
g_g003243,연인,여자,30대
g_g003246,자녀,여자,~9세이하
g_g003251,연인,여자,20대
g_g003255,연인,남자,20대
g_g003266,연인,남자,20대
g_g003267,연인,남자,30대
g_g003273,배우자,남자,30대
g_g003273,자녀,남자,~9세이하
g_g003278,연인,여자,30대
g_g003281,친구,남자,20대
g_g003290,자녀,남자,~9세이하
g_g003290,배우자,여자,30대
g_g003290,자녀,여자,~9세이하
g_g003296,부모,여자,50대
g_g003301,친구,여자,20대
g_g003307,연인,남자,30대
g_g003308,부모,여자,60대
g_g003308,배우자,남자,40대
g_g003314,연인,여자,30대
g_g003320,배우자,남자,60대
g_g003323,친구,여자,30대
g_g003326,친구,여자,20대
g_g003326,동료,여자,20대
g_g003329,부모,여자,50대
g_g003329,부모,남자,50대
g_g003329,형제/자매,여자,20대
g_g003334,부모,여자,60대
g_g003334,형제/자매,여자,30대
g_g003335,부모,여자,40대
g_g003337,자녀,여자,20대
g_g003337,자녀,여자,20대
g_g003340,배우자,남자,40대
g_g003340,자녀,여자,10대
g_g003352,연인,남자,30대
g_g003353,연인,남자,20대
g_g003355,배우자,여자,40대
g_g003355,자녀,여자,~9세이하
g_g003355,자녀,남자,10대
g_g003359,배우자,남자,30대
g_g003369,연인,남자,20대
g_g003370,연인,남자,20대
g_g003376,배우자,여자,50대
g_g003380,배우자,여자,40대
g_g003382,동료,남자,50대
g_g003382,동료,남자,40대
g_g003382,동료,남자,50대
g_g003382,동료,남자,50대
g_g003382,동료,남자,40대
g_g003382,동료,남자,50대
g_g003382,동료,남자,50대
g_g003388,연인,남자,20대
g_g003391,친구,남자,20대
g_g003394,친구,여자,20대
g_g003398,친구,여자,30대
g_g003398,친구,여자,30대
g_g003398,연인,남자,20대
g_g003398,친구,남자,30대
g_g003398,친구,남자,30대
g_g003399,형제/자매,여자,20대
g_g003399,친구,여자,20대
g_g003403,배우자,여자,50대
g_g003408,연인,남자,30대
g_g003418,연인,남자,30대
g_g003420,친구,여자,20대
g_g003420,친구,남자,20대
g_g003422,배우자,남자,40대
g_g003422,자녀,여자,~9세이하
g_g003422,부모,여자,70세이상
g_g003422,자녀,남자,10대
g_g003422,부모,남자,70세이상
g_g003422,형제/자매,남자,40대
g_g003444,배우자,남자,40대
g_g003444,자녀,남자,~9세이하
g_g003444,자녀,남자,10대
g_g003455,친구,여자,40대
g_g003455,친구,여자,40대
g_g003459,친구,여자,30대
g_g003463,자녀,여자,~9세이하
g_g003463,부모,남자,60대
g_g003463,배우자,남자,30대
g_g003463,자녀,여자,~9세이하
g_g003463,부모,여자,60대
g_g003464,친구,여자,20대
g_g003464,친구,여자,20대
g_g003467,배우자,여자,50대
g_g003468,배우자,여자,30대
g_g003474,친구,여자,20대
g_g003485,친구,여자,30대
g_g003485,친구,여자,30대
g_g003485,친구,여자,30대
g_g003485,친구,여자,30대
g_g003485,친구,여자,30대
g_g003492,친구,여자,30대
g_g003499,친구,여자,20대
g_g003511,연인,남자,20대
g_g003512,연인,남자,20대
g_g003515,연인,여자,20대
g_g003516,연인,여자,30대
g_g003525,배우자,남자,30대
g_g003526,연인,남자,20대
g_g003535,배우자,여자,40대
g_g003541,연인,남자,30대
g_g003544,연인,남자,20대
g_g003554,친구,여자,30대
g_g003554,친구,여자,30대
g_g003555,연인,남자,30대
g_g003556,친구,여자,50대
g_g003556,친구,여자,50대
g_g003559,친구,남자,20대
g_g003559,연인,남자,20대
g_g003559,친구,여자,20대
g_g003561,연인,남자,30대
g_g003561,부모,여자,60대
g_g003561,부모,남자,60대
g_g003563,부모,여자,60대
g_g003563,부모,남자,70세이상
g_g003565,연인,남자,30대
g_g003570,연인,남자,20대
g_g003572,배우자,여자,30대
g_g003573,연인,여자,20대
g_g003576,연인,남자,20대
g_g003583,연인,남자,20대
g_g003586,동료,여자,60대
g_g003586,동료,여자,60대
g_g003586,친구,여자,50대
g_g003589,배우자,남자,30대
g_g003599,연인,여자,20대
g_g003600,연인,남자,30대
g_g003608,배우자,남자,40대
g_g003608,자녀,여자,10대
g_g003608,자녀,여자,10대
g_g003610,친구,여자,20대
g_g003613,연인,여자,30대
g_g003615,형제/자매,여자,40대
g_g003615,친인척,남자,10대
g_g003623,친인척,남자,30대
g_g003623,친인척,남자,40대
g_g003623,친인척,남자,30대
g_g003623,친인척,남자,20대
g_g003624,친구,여자,50대
g_g003624,친구,여자,50대
g_g003624,친구,여자,50대
g_g003629,친구,여자,30대
g_g003629,친구,여자,30대
g_g003636,연인,여자,20대
g_g003645,연인,여자,20대
g_g003646,자녀,남자,~9세이하
g_g003646,자녀,여자,10대
g_g003646,배우자,남자,40대
g_g003648,형제/자매,여자,30대
g_g003648,부모,여자,50대
g_g003652,친구,여자,30대
g_g003652,친구,여자,30대
g_g003652,친구,여자,30대
g_g003655,친구,여자,20대
g_g003655,친구,여자,20대
g_g003658,친구,여자,30대
g_g003664,연인,남자,20대
g_g003665,기타,남자,~9세이하
g_g003665,친구,남자,40대
g_g003665,친구,여자,40대
g_g003665,기타,여자,~9세이하
g_g003665,기타,남자,~9세이하
g_g003665,친구,남자,40대
g_g003665,친구,여자,30대
g_g003687,친구,남자,30대
g_g003687,친구,남자,30대
g_g003687,친구,남자,30대
g_g003700,연인,남자,30대
g_g003701,자녀,남자,~9세이하
g_g003701,배우자,여자,40대
g_g003701,자녀,여자,~9세이하
g_g003712,연인,여자,20대
g_g003714,친구,여자,20대
g_g003717,연인,남자,30대
g_g003718,자녀,남자,10대
g_g003718,배우자,여자,40대
g_g003722,친구,여자,20대
g_g003728,배우자,남자,50대
g_g003729,부모,여자,50대
g_g003729,형제/자매,여자,20대
g_g003729,형제/자매,여자,20대
g_g003733,자녀,남자,~9세이하
g_g003733,배우자,남자,50대
g_g003733,자녀,여자,~9세이하
g_g003736,배우자,남자,30대
g_g003738,친구,여자,30대
g_g003746,연인,남자,30대
g_g003758,배우자,여자,50대
g_g003770,배우자,남자,30대
g_g003771,친구,여자,20대
g_g003779,자녀,여자,10대
g_g003779,배우자,남자,40대
g_g003779,자녀,남자,10대
g_g003805,자녀,여자,30대
g_g003805,배우자,남자,60대
g_g003805,자녀,여자,20대
g_g003807,배우자,남자,40대
g_g003807,자녀,여자,20대
g_g003810,연인,여자,20대
g_g003821,배우자,남자,30대
g_g003821,자녀,남자,~9세이하
g_g003845,배우자,여자,30대
g_g003846,연인,남자,30대
g_g003847,배우자,남자,50대
g_g003847,자녀,여자,10대
g_g003847,자녀,남자,10대
g_g003852,친구,남자,20대
g_g003852,친구,남자,20대
g_g003852,친구,남자,20대
g_g003852,친구,남자,20대
g_g003852,친구,남자,20대
g_g003860,배우자,남자,40대
g_g003860,부모,여자,50대
g_g003860,자녀,남자,~9세이하
g_g003860,부모,남자,50대
g_g003867,친구,여자,20대
g_g003867,친구,여자,20대
g_g003869,형제/자매,여자,20대
g_g003871,친구,여자,20대
g_g003871,친구,남자,20대
g_g003871,연인,남자,20대
g_g003875,배우자,남자,20대
g_g003899,친구,여자,20대
g_g003902,친구,여자,20대
g_g003906,연인,남자,20대
g_g003921,친구,남자,20대
g_g003929,자녀,남자,~9세이하
g_g003929,자녀,여자,10대
g_g003929,형제/자매,여자,30대
g_g003944,자녀,여자,~9세이하
g_g003944,자녀,여자,~9세이하
g_g003944,배우자,남자,40대
g_g003950,배우자,남자,30대
g_g003950,자녀,남자,~9세이하
g_g003956,배우자,남자,40대
g_g003956,자녀,여자,~9세이하
g_g003956,자녀,여자,10대
g_g003957,동료,여자,30대
g_g003957,친구,남자,30대
g_g003959,친구,여자,30대
g_g003960,배우자,남자,40대
g_g003960,자녀,여자,10대
g_g003960,자녀,남자,10대
g_g003961,친구,여자,20대
g_g003965,연인,여자,30대
g_g003980,자녀,여자,~9세이하
g_g003980,부모,여자,60대
g_g003980,배우자,남자,30대
g_g003980,배우자,남자,30대
g_g003980,부모,남자,60대
g_g003980,형제/자매,여자,30대
g_g003990,부모,여자,70세이상
g_g004004,연인,남자,20대
g_g004025,자녀,남자,~9세이하
g_g004025,배우자,여자,40대
g_g004047,자녀,여자,10대
g_g004047,배우자,여자,40대
g_g004047,자녀,남자,10대
g_g004064,연인,남자,20대
g_g004066,배우자,남자,50대
g_g004066,자녀,남자,~9세이하
g_g004101,배우자,여자,50대
g_g004101,자녀,남자,20대
g_g004101,자녀,여자,30대
g_g004103,자녀,여자,10대
g_g004103,배우자,여자,40대
g_g004103,자녀,여자,~9세이하
g_g004104,"친목 단체/모임(동호회, 종교단체 등)",여자,20대
g_g004104,"친목 단체/모임(동호회, 종교단체 등)",여자,20대
g_g004104,"친목 단체/모임(동호회, 종교단체 등)",남자,20대
g_g004104,"친목 단체/모임(동호회, 종교단체 등)",여자,20대
g_g004104,"친목 단체/모임(동호회, 종교단체 등)",남자,20대
g_g004109,자녀,남자,~9세이하
g_g004109,배우자,여자,30대
g_g004109,자녀,여자,~9세이하
g_g004138,동료,여자,50대
g_g004138,동료,여자,50대
g_g004139,배우자,남자,40대
g_g004139,자녀,여자,~9세이하
g_g004139,동료,여자,40대
g_g004139,기타,남자,10대
g_g004139,자녀,여자,10대
g_g004139,동료,여자,40대
g_g004139,기타,여자,~9세이하
g_g004152,자녀,여자,10대
g_g004152,배우자,남자,40대
g_g004152,자녀,남자,10대
g_g004154,친구,여자,20대
g_g004155,연인,여자,20대
g_g004170,친구,남자,20대
g_g004180,친구,여자,20대
g_g004180,친구,여자,20대
g_g004187,연인,남자,30대
g_g004189,연인,남자,20대
g_g004205,연인,남자,30대
g_g004229,자녀,남자,~9세이하
g_g004229,자녀,남자,~9세이하
g_g004229,부모,여자,60대
g_g004239,친구,여자,20대
g_g004255,배우자,남자,40대
g_g004255,자녀,남자,10대
g_g004255,자녀,남자,10대
g_g004259,자녀,여자,~9세이하
g_g004259,배우자,남자,40대
g_g004265,형제/자매,여자,20대
g_g004276,연인,여자,20대
g_g004282,자녀,여자,10대
g_g004282,배우자,여자,40대
g_g004282,자녀,여자,~9세이하
g_g004288,연인,남자,20대
g_g004289,형제/자매,여자,30대
g_g004289,부모,여자,50대
g_g004294,형제/자매,여자,20대
g_g004294,형제/자매,여자,10대
g_g004297,연인,여자,20대
g_g004309,연인,남자,30대
g_g004317,연인,여자,20대
g_g004318,연인,남자,30대
g_g004324,동료,여자,30대
g_g004324,동료,남자,30대
g_g004327,친구,여자,30대
g_g004329,친구,여자,30대
g_g004340,친구,여자,20대
g_g004340,친구,여자,20대
g_g004350,친구,여자,30대
g_g004354,연인,남자,20대
g_g004355,배우자,여자,40대
g_g004359,친구,남자,20대
g_g004359,친구,남자,20대
g_g004359,친구,남자,20대
g_g004359,친구,남자,20대
g_g004359,친구,남자,20대
g_g004359,친구,남자,20대
g_g004359,친구,남자,20대
g_g004366,친구,여자,20대
g_g004366,친구,여자,20대
g_g004375,자녀,여자,10대
g_g004375,배우자,남자,30대
g_g004392,친구,남자,30대
g_g004393,배우자,남자,40대
g_g004393,자녀,남자,~9세이하
g_g004393,자녀,여자,~9세이하
g_g004397,동료,여자,20대
g_g004398,배우자,남자,40대
g_g004398,자녀,여자,10대
g_g004398,자녀,남자,10대
g_g004399,형제/자매,여자,30대
g_g004401,동료,여자,40대
g_g004401,동료,여자,40대
g_g004406,연인,여자,20대
g_g004412,연인,남자,30대
g_g004416,자녀,남자,10대
g_g004416,자녀,여자,10대
g_g004420,친구,여자,20대
g_g004435,연인,남자,20대
g_g004436,친구,남자,20대
g_g004446,배우자,남자,50대
g_g004453,연인,여자,20대
g_g004454,친구,남자,20대
g_g004472,배우자,여자,30대
g_g004476,친구,여자,20대
g_g004485,연인,남자,30대
g_g004489,연인,남자,20대
g_g004492,부모,여자,60대
g_g004494,부모,여자,60대
g_g004494,형제/자매,남자,30대
g_g004498,친구,여자,20대
g_g004510,배우자,남자,30대
g_g004511,연인,남자,30대
g_g004516,배우자,남자,30대
g_g004519,부모,여자,50대
g_g004519,부모,남자,50대
g_g004521,배우자,여자,40대
g_g004524,친구,남자,20대
g_g004524,친구,남자,20대
g_g004524,친구,남자,20대
g_g004538,배우자,여자,30대
g_g004538,자녀,남자,10대
g_g004538,자녀,여자,10대
g_g004551,형제/자매,남자,20대
g_g004551,부모,여자,60대
g_g004552,연인,여자,20대
g_g004554,연인,여자,20대
g_g004556,친구,여자,20대
g_g004556,친구,여자,20대
g_g004573,연인,남자,20대
g_g004578,부모,여자,70세이상
g_g004578,자녀,여자,20대
g_g004578,자녀,남자,10대
g_g004578,배우자,남자,50대
g_g004578,자녀,여자,10대
g_g004593,연인,남자,20대
g_g004594,배우자,여자,20대
g_g004606,배우자,남자,30대
g_g004606,"친목 단체/모임(동호회, 종교단체 등)",여자,40대
g_g004606,"친목 단체/모임(동호회, 종교단체 등)",남자,40대
g_g004621,자녀,남자,10대
g_g004621,부모,남자,70세이상
g_g004621,부모,남자,60대
g_g004621,부모,여자,60대
g_g004621,자녀,남자,~9세이하
g_g004621,배우자,여자,40대
g_g004621,부모,여자,60대
g_g004622,배우자,남자,50대
g_g004622,자녀,여자,20대
g_g004626,연인,남자,30대
g_g004629,연인,남자,20대
g_g004630,부모,여자,50대
g_g004631,친구,여자,30대
g_g004631,친구,여자,30대
g_g004631,친구,여자,30대
g_g004631,친구,여자,30대
g_g004631,친구,여자,30대
g_g004636,친구,남자,30대
g_g004636,친구,남자,30대
g_g004637,연인,남자,30대
g_g004669,배우자,남자,30대
g_g004671,친구,여자,20대
g_g004678,친구,여자,30대
g_g004681,연인,여자,20대
g_g004701,배우자,여자,40대
g_g004701,자녀,남자,10대
g_g004701,부모,여자,60대
g_g004701,자녀,여자,10대
g_g004701,부모,남자,70세이상
g_g004707,연인,남자,20대
g_g004714,자녀,여자,~9세이하
g_g004719,친구,여자,30대
g_g004722,부모,여자,40대
g_g004722,부모,남자,50대
g_g004722,형제/자매,남자,20대
g_g004723,형제/자매,여자,20대
g_g004731,친인척,남자,10대
g_g004740,연인,남자,20대
g_g004754,연인,여자,20대
g_g004762,연인,남자,20대
g_g004766,친구,남자,30대
g_g004772,연인,남자,30대
g_g004776,친구,여자,30대
g_g004781,자녀,남자,10대
g_g004781,부모,여자,70세이상
g_g004781,배우자,남자,40대
g_g004781,부모,남자,70세이상
g_g004810,배우자,여자,30대
g_g004816,자녀,남자,~9세이하
g_g004816,자녀,여자,~9세이하
g_g004822,자녀,여자,~9세이하
g_g004822,배우자,여자,40대
g_g004826,친구,남자,30대
g_g004828,배우자,남자,40대
g_g004828,자녀,남자,~9세이하
g_g004828,자녀,여자,10대
g_g004831,친구,여자,20대
g_g004849,배우자,여자,30대
g_g004852,자녀,여자,30대
g_g004853,친구,여자,20대
g_g004853,친구,여자,20대
g_g004865,연인,여자,20대
g_g004869,부모,여자,60대
g_g004877,연인,여자,30대
g_g004879,부모,여자,60대
g_g004886,연인,여자,20대
g_g004893,부모,여자,60대
g_g004904,연인,남자,20대
g_g004905,형제/자매,여자,30대
g_g004905,부모,여자,50대
g_g004906,자녀,남자,10대
g_g004906,배우자,남자,40대
g_g004909,연인,여자,30대
g_g004915,연인,남자,30대
g_g004916,연인,남자,20대
g_g004920,자녀,남자,~9세이하
g_g004920,배우자,여자,40대
g_g004925,연인,남자,20대
g_g004926,부모,남자,50대
g_g004926,형제/자매,남자,20대
g_g004926,부모,여자,50대
g_g004955,친구,여자,20대
g_g004955,친구,여자,20대
g_g004955,친구,여자,20대
g_g004961,연인,여자,30대
g_g004971,연인,남자,30대
g_g004975,연인,남자,40대
g_g004976,배우자,여자,30대
g_g004977,연인,남자,30대
g_g004993,친인척,여자,20대
g_g004993,친인척,여자,40대
g_g004994,친구,남자,30대
g_g004994,친구,남자,30대
g_g005012,친구,여자,30대
g_g005012,친구,여자,30대
g_g005034,연인,남자,20대
g_g005053,연인,남자,20대
g_g005076,부모,남자,60대
g_g005076,자녀,남자,~9세이하
g_g005076,부모,여자,60대
g_g005076,자녀,남자,~9세이하
g_g005080,연인,남자,30대
g_g005081,연인,남자,30대
g_g005083,형제/자매,여자,20대
g_g005094,부모,남자,60대
g_g005094,친인척,남자,70세이상
g_g005094,친인척,남자,50대
g_g005094,친인척,남자,20대
g_g005094,부모,여자,60대
g_g005094,친인척,여자,60대
g_g005094,친인척,여자,50대
g_g005105,연인,여자,20대
g_g005114,부모,여자,60대
g_g005119,부모,여자,60대
g_g005119,형제/자매,여자,30대
g_g005127,연인,여자,30대
g_g005153,"친목 단체/모임(동호회, 종교단체 등)",여자,60대
g_g005153,"친목 단체/모임(동호회, 종교단체 등)",남자,60대
g_g005160,친구,여자,20대
g_g005167,연인,여자,20대
g_g005170,부모,여자,50대
g_g005171,연인,여자,20대
g_g005173,자녀,남자,10대
g_g005173,자녀,남자,10대
g_g005173,배우자,남자,40대
g_g005175,연인,남자,30대
g_g005187,친구,여자,30대
g_g005198,배우자,여자,50대
g_g005200,연인,남자,20대
g_g005206,친구,여자,20대
g_g005209,배우자,남자,30대
g_g005209,자녀,남자,~9세이하
g_g005218,부모,여자,50대
g_g005219,연인,여자,30대
g_g005225,친구,여자,20대
g_g005225,친구,여자,20대
g_g005243,연인,남자,20대
g_g005250,친구,여자,20대
g_g005254,친구,여자,30대
g_g005254,연인,남자,30대
g_g005254,친구,남자,30대
g_g005254,친구,여자,30대
g_g005254,친구,남자,30대
g_g005259,연인,남자,20대
g_g005266,연인,남자,30대
g_g005270,배우자,남자,50대
g_g005270,자녀,남자,~9세이하
g_g005270,자녀,여자,10대
g_g005271,자녀,남자,~9세이하
g_g005271,배우자,여자,40대
g_g005273,친구,남자,30대
g_g005280,연인,여자,20대
g_g005282,연인,남자,20대
g_g005297,배우자,여자,50대
g_g005300,배우자,여자,30대
g_g005303,연인,남자,20대
g_g005310,연인,남자,20대
g_g005319,자녀,남자,~9세이하
g_g005319,배우자,남자,40대
g_g005319,자녀,여자,~9세이하
g_g005330,연인,여자,20대
g_g005372,연인,남자,20대
g_g005377,연인,남자,20대
g_g005387,배우자,남자,60대
g_g005387,자녀,여자,~9세이하
g_g005387,자녀,남자,40대
g_g005391,연인,남자,20대
g_g005392,부모,여자,50대
g_g005395,조부모,여자,70세이상
g_g005398,연인,남자,20대
g_g005400,배우자,남자,50대
g_g005402,연인,여자,20대
g_g005415,연인,여자,20대
g_g005419,연인,남자,20대
g_g005438,연인,남자,20대
g_g005454,연인,여자,30대
g_g005455,친구,여자,20대
g_g005461,연인,여자,20대
g_g005537,친구,여자,20대
g_g005537,친구,여자,20대
g_g005541,연인,남자,30대
g_g005542,친구,여자,30대
g_g005549,친구,여자,30대
g_g005554,자녀,여자,10대
g_g005554,자녀,남자,20대
g_g005559,배우자,여자,30대
g_g005559,자녀,남자,~9세이하
g_g005562,배우자,여자,40대
g_g005562,자녀,여자,10대
g_g005562,자녀,남자,10대
g_g005564,배우자,남자,30대
g_g005567,연인,여자,30대
g_g005568,친구,여자,30대
g_g005569,배우자,남자,40대
g_g005572,친구,여자,30대
g_g005572,친구,여자,30대
g_g005573,자녀,여자,~9세이하
g_g005573,배우자,남자,30대
g_g005574,자녀,여자,~9세이하
g_g005574,배우자,남자,30대
g_g005574,자녀,여자,~9세이하
g_g005578,연인,여자,20대
g_g005579,부모,여자,60대
g_g005581,자녀,남자,~9세이하
g_g005581,배우자,여자,30대
g_g005581,자녀,여자,~9세이하
g_g005583,부모,여자,50대
g_g005589,부모,여자,50대
g_g005589,부모,남자,60대
g_g005590,연인,여자,20대
g_g005591,친구,여자,30대
g_g005597,자녀,남자,~9세이하
g_g005597,배우자,여자,30대
g_g005597,자녀,남자,~9세이하
g_g005599,연인,남자,30대
g_g005602,배우자,여자,30대
g_g005602,자녀,남자,~9세이하
g_g005602,자녀,여자,~9세이하
g_g005681,연인,남자,30대
g_g005683,배우자,남자,30대
g_g005683,자녀,여자,~9세이하
g_g005684,배우자,남자,30대
g_g005684,자녀,여자,~9세이하
g_g005692,배우자,남자,30대
g_g005692,자녀,남자,~9세이하
g_g005694,연인,남자,20대
g_g005701,연인,남자,20대
g_g005704,연인,남자,20대
g_g005707,연인,남자,20대
g_g005708,연인,여자,20대
g_g005709,친구,여자,30대
g_g005711,연인,남자,20대
g_g005716,친구,여자,20대
g_g005716,친구,여자,20대
g_g005716,친구,여자,20대
g_g005716,친구,여자,20대
g_g005725,친구,여자,20대
g_g005742,연인,남자,20대
g_g005745,자녀,여자,20대
g_g005745,배우자,남자,60대
g_g005746,연인,남자,20대
g_g005750,"친목 단체/모임(동호회, 종교단체 등)",여자,50대
g_g005750,"친목 단체/모임(동호회, 종교단체 등)",여자,50대
g_g005754,친구,여자,40대
g_g005762,부모,여자,50대
g_g005783,친구,여자,20대
g_g005783,친구,여자,20대
g_g005783,친구,여자,20대
g_g005786,친구,여자,20대
g_g005791,형제/자매,여자,20대
g_g005793,친구,여자,20대
g_g005794,자녀,남자,~9세이하
g_g005794,부모,여자,60대
g_g005794,자녀,남자,~9세이하
g_g005795,형제/자매,여자,30대
g_g005798,부모,여자,50대
g_g005806,배우자,남자,30대
g_g005807,부모,여자,50대
g_g005808,연인,남자,20대
g_g005809,친구,여자,20대
g_g005811,연인,남자,20대
g_g005812,형제/자매,여자,20대
g_g005814,연인,남자,30대
g_g005815,연인,여자,20대
g_g005817,연인,남자,20대
g_g005828,자녀,여자,20대
g_g005828,배우자,남자,50대
g_g005828,자녀,여자,10대
g_g005838,친인척,여자,30대
g_g005838,친인척,여자,20대
g_g005840,친구,여자,20대
g_g005841,친구,여자,30대
g_g005844,친구,남자,20대
g_g005844,친구,여자,20대
g_g005844,친구,남자,20대
g_g005844,친구,여자,20대
g_g005844,친구,여자,20대
g_g005844,친구,남자,20대
g_g005844,친구,여자,20대
g_g005844,친구,남자,20대
g_g005844,친구,여자,20대
g_g005855,연인,남자,30대
g_g005868,연인,여자,20대
g_g005889,배우자,남자,40대
g_g005889,자녀,남자,~9세이하
g_g005895,동료,남자,50대
g_g005895,동료,남자,50대
g_g005895,동료,남자,50대
g_g005895,동료,남자,40대
g_g005895,동료,남자,50대
g_g005895,동료,남자,40대
g_g005895,동료,남자,40대
g_g005899,친구,남자,30대
g_g005899,친구,여자,20대
g_g005905,친구,여자,30대
g_g005913,자녀,여자,10대
g_g005913,자녀,남자,~9세이하
g_g005913,배우자,여자,40대
g_g005913,자녀,남자,~9세이하
g_g005921,연인,여자,20대
g_g005925,친구,여자,20대
g_g005932,연인,여자,20대
g_g005952,연인,남자,20대
g_g005954,연인,여자,20대
g_g005959,부모,남자,60대
g_g005959,형제/자매,여자,20대
g_g005959,부모,여자,50대
g_g005960,형제/자매,여자,20대
g_g005965,배우자,남자,30대
g_g005965,자녀,남자,~9세이하
g_g005967,형제/자매,여자,20대
g_g005972,친구,여자,30대
g_g005974,친구,여자,20대
g_g005975,배우자,남자,40대
g_g005975,자녀,남자,~9세이하
g_g005975,자녀,여자,10대
g_g005982,연인,여자,20대
g_g005992,연인,여자,20대
g_g006003,배우자,여자,20대
g_g006003,자녀,남자,~9세이하
g_g006020,연인,남자,30대
g_g006023,연인,남자,30대
g_g006027,연인,남자,20대
g_g006029,부모,남자,60대
g_g006029,형제/자매,여자,30대
g_g006029,부모,여자,60대
g_g006029,친인척,남자,10대
g_g006055,친구,여자,20대
g_g006055,친구,여자,20대
g_g006055,친구,여자,20대
g_g006055,친구,여자,20대
g_g006057,연인,여자,30대
g_g006061,배우자,남자,50대
g_g006061,자녀,여자,20대
g_g006065,친구,여자,30대
g_g006076,친구,여자,20대
g_g006076,친구,여자,20대
g_g006076,친구,여자,20대
g_g006084,연인,여자,30대
g_g006092,자녀,여자,~9세이하
g_g006096,친구,여자,30대
g_g006101,친구,남자,20대
g_g006101,친구,여자,20대
g_g006101,친구,여자,20대
g_g006101,친구,남자,20대
g_g006101,친구,여자,20대
g_g006102,자녀,남자,~9세이하
g_g006102,배우자,남자,30대
g_g006114,부모,여자,60대
g_g006114,부모,남자,60대
g_g006114,배우자,남자,30대
g_g006130,배우자,남자,30대
g_g006130,자녀,여자,~9세이하
g_g006130,자녀,남자,~9세이하
g_g006132,연인,남자,20대
g_g006135,배우자,여자,30대
g_g006135,자녀,남자,~9세이하
g_g006137,배우자,남자,30대
g_g006151,동료,남자,30대
g_g006151,동료,여자,20대
g_g006151,동료,남자,20대
g_g006151,동료,여자,20대
g_g006151,동료,남자,30대
g_g006152,부모,남자,50대
g_g006152,형제/자매,남자,10대
g_g006152,부모,여자,50대
g_g006152,형제/자매,여자,20대
g_g006161,친구,여자,20대
g_g006161,친구,여자,20대
g_g006163,배우자,여자,40대
g_g006163,자녀,남자,10대
g_g006163,자녀,남자,10대
g_g006168,연인,남자,20대
g_g006175,연인,남자,20대
g_g006179,배우자,남자,40대
g_g006179,자녀,남자,10대
g_g006180,연인,여자,20대
g_g006181,배우자,남자,30대
g_g006189,연인,남자,30대
g_g006190,자녀,남자,10대
g_g006190,배우자,여자,30대
g_g006190,자녀,여자,10대
g_g006196,친구,여자,20대
g_g006196,친구,여자,20대
g_g006196,친구,여자,20대
g_g006197,배우자,여자,30대
g_g006197,자녀,남자,~9세이하
g_g006197,자녀,여자,10대
g_g006210,형제/자매,남자,30대
g_g006210,부모,여자,50대
g_g006210,조부모,여자,70세이상
g_g006212,연인,여자,20대
g_g006213,부모,여자,50대
g_g006213,연인,남자,20대
g_g006213,형제/자매,여자,20대
g_g006214,연인,남자,20대
g_g006227,배우자,남자,40대
g_g006227,자녀,여자,~9세이하
g_g006231,연인,여자,20대
g_g006249,자녀,남자,30대
g_g006256,친구,여자,20대
g_g006256,친구,여자,20대
g_g006260,연인,여자,30대
g_g006265,연인,남자,20대
g_g006280,연인,남자,30대
g_g006287,친구,여자,20대
g_g006287,친구,여자,20대
g_g006322,친구,여자,20대
g_g006323,배우자,여자,40대
g_g006325,부모,남자,50대
g_g006325,형제/자매,남자,20대
g_g006325,부모,여자,50대
g_g006330,배우자,남자,40대
g_g006331,친구,여자,30대
g_g006359,부모,여자,60대
g_g006367,부모,여자,70세이상
g_g006367,형제/자매,남자,40대
g_g006372,연인,여자,20대
g_g006376,부모,여자,50대
g_g006376,부모,남자,60대
g_g006376,형제/자매,여자,20대
g_g006378,기타,남자,40대
g_g006378,연인,남자,40대
g_g006393,자녀,남자,~9세이하
g_g006402,부모,여자,50대
g_g006414,배우자,남자,30대
g_g006442,연인,여자,20대
g_g006447,부모,여자,60대
g_g006459,연인,남자,20대
g_g006461,부모,여자,60대
g_g006462,연인,남자,20대
g_g006468,연인,남자,20대
g_g006469,친구,여자,30대
g_g006475,친구,남자,20대
g_g006475,친구,여자,20대
g_g006482,배우자,남자,30대
g_g006489,형제/자매,여자,20대
g_g006510,친구,여자,20대
g_g006516,친구,여자,20대
g_g006517,부모,남자,60대
g_g006517,부모,여자,60대
g_g006523,연인,여자,20대
g_g006523,친구,남자,20대
g_g006524,친구,여자,30대
g_g006524,친구,여자,30대
g_g006529,동료,여자,20대
g_g006548,배우자,남자,40대
g_g006548,자녀,여자,~9세이하
g_g006548,자녀,여자,~9세이하
g_g006578,연인,남자,20대
g_g006588,연인,남자,20대
g_g006601,배우자,여자,30대
g_g006606,부모,여자,70세이상
g_g006606,형제/자매,여자,40대
g_g006651,친구,여자,20대
g_g006666,연인,남자,20대
g_g006668,부모,남자,70세이상
g_g006668,부모,여자,60대
g_g006677,배우자,남자,50대
g_g006715,자녀,남자,~9세이하
g_g006715,배우자,남자,30대
g_g006725,부모,여자,50대
g_g006730,연인,남자,20대
g_g006741,연인,남자,30대
g_g006768,연인,남자,20대
g_g006775,연인,남자,30대
g_g006777,부모,남자,50대
g_g006777,형제/자매,여자,20대
g_g006777,부모,여자,50대
g_g006785,연인,남자,20대
g_g006787,친구,여자,20대
g_g006787,친구,여자,20대
g_g006800,연인,남자,30대
g_g006803,배우자,남자,30대
g_g006805,연인,남자,30대
g_g006807,형제/자매,여자,20대
g_g006807,형제/자매,여자,30대
g_g006812,부모,남자,50대
g_g006812,부모,여자,50대
g_g006831,친구,남자,20대
g_g006834,연인,남자,20대
g_g006835,연인,남자,20대
g_g006836,연인,남자,20대
g_g006842,친인척,남자,50대
g_g006842,부모,여자,70세이상
g_g006842,친인척,여자,50대
g_g006842,친인척,여자,50대
g_g006842,배우자,남자,50대
g_g006842,친인척,남자,50대
g_g006843,부모,여자,60대
g_g006844,배우자,남자,60대
g_g006859,친구,여자,20대
g_g006859,친구,여자,20대
g_g006860,연인,여자,20대
g_g006861,배우자,여자,30대
g_g006861,자녀,여자,~9세이하
g_g006861,자녀,여자,~9세이하
g_g006877,배우자,남자,70세이상
g_g006893,부모,여자,70세이상
g_g006910,친인척,여자,60대
g_g006910,부모,여자,50대
g_g006913,형제/자매,남자,30대
g_g006913,부모,여자,60대
g_g006921,연인,남자,20대
g_g006925,친구,여자,20대
g_g006925,친구,여자,20대
g_g006945,친구,여자,20대
g_g006946,연인,남자,20대
g_g006947,부모,여자,50대
g_g006947,부모,남자,50대
g_g006947,형제/자매,여자,20대
g_g006954,친구,여자,30대
g_g006961,연인,남자,20대
g_g006962,배우자,남자,30대
g_g006971,연인,남자,20대
g_g006974,친구,남자,30대
g_g006974,친구,남자,30대
g_g006974,친구,남자,30대
g_g006975,연인,남자,30대
g_g006976,자녀,남자,20대
g_g006976,배우자,남자,50대
g_g006976,자녀,남자,20대
g_g006983,연인,남자,20대
g_g006986,부모,여자,60대
g_g006986,부모,남자,60대
g_g006989,친인척,여자,20대
g_g006996,자녀,여자,20대
g_g006996,배우자,남자,60대
g_g006999,연인,여자,20대
g_g007008,친구,여자,20대
g_g007012,동료,여자,20대
g_g007013,연인,남자,30대
g_g007015,부모,여자,70세이상
g_g007017,연인,남자,20대
g_g007022,친구,여자,20대
g_g007022,친구,여자,20대
g_g007022,친구,여자,20대
g_g007029,친구,여자,30대
g_g007033,연인,남자,20대
g_g007035,연인,남자,20대
g_g007037,연인,여자,20대
g_g007038,친구,여자,20대
g_g007038,친구,여자,20대
g_g007041,배우자,여자,40대
g_g007052,연인,여자,20대
g_g007054,친구,여자,30대
g_g007056,친구,여자,20대
g_g007056,친구,여자,20대
g_g007056,친구,여자,20대
g_g007074,연인,남자,20대
g_g007086,배우자,여자,40대
g_g007099,연인,남자,30대
g_g007105,연인,남자,20대
g_g007120,친구,여자,30대
g_g007122,친구,여자,30대
g_g007123,연인,여자,20대
g_g007157,연인,남자,20대
g_g007175,친구,여자,60대
g_g007175,친구,여자,60대
g_g007175,친구,여자,60대
g_g007176,친구,여자,30대
g_g007180,배우자,여자,30대
g_g007196,친구,여자,20대
g_g007199,친구,남자,30대
g_g007199,친구,남자,30대
g_g007199,친구,남자,30대
g_g007199,친구,남자,30대
g_g007199,친구,남자,30대
g_g007199,친구,남자,30대
g_g007199,친구,남자,30대
g_g007208,연인,남자,30대
g_g007209,연인,남자,20대
g_g007213,자녀,여자,~9세이하
g_g007213,배우자,남자,30대
g_g007213,자녀,여자,~9세이하
g_g007215,연인,남자,20대
g_g007215,친구,남자,30대
g_g007215,친구,여자,20대
g_g007218,부모,여자,40대
g_g007223,배우자,남자,30대
g_g007224,연인,여자,20대
g_g007225,동료,여자,30대
g_g007225,동료,여자,40대
g_g007225,동료,여자,40대
g_g007226,연인,남자,20대
g_g007230,친구,여자,20대
g_g007231,연인,남자,20대
g_g007232,배우자,여자,30대
g_g007236,배우자,여자,60대
g_g007244,배우자,남자,50대
g_g007248,배우자,남자,30대
g_g007258,연인,남자,30대
g_g007258,기타,여자,50대
g_g007258,기타,남자,60대
g_g007308,배우자,여자,40대
g_g007308,자녀,남자,10대
g_g007308,자녀,여자,10대
g_g007309,배우자,남자,30대
g_g007310,자녀,남자,~9세이하
g_g007310,배우자,남자,30대
g_g007312,친구,여자,20대
g_g007330,배우자,여자,30대
g_g007336,배우자,여자,50대
g_g007337,연인,남자,30대
g_g007338,배우자,남자,40대
g_g007339,배우자,남자,40대
g_g007339,자녀,남자,~9세이하
g_g007340,자녀,여자,10대
g_g007340,자녀,여자,~9세이하
g_g007342,자녀,남자,10대
g_g007342,배우자,여자,40대
g_g007351,배우자,여자,40대
g_g007351,자녀,남자,~9세이하
g_g007352,배우자,남자,30대
g_g007352,자녀,여자,~9세이하
g_g007352,자녀,남자,10대
g_g007353,친구,여자,40대
g_g007353,친구,여자,40대
g_g007354,배우자,여자,30대
g_g007355,배우자,남자,50대
g_g007360,배우자,남자,30대
g_g007360,자녀,남자,~9세이하
g_g007360,자녀,여자,~9세이하
g_g007363,배우자,여자,40대
g_g007363,자녀,남자,~9세이하
g_g007363,자녀,여자,~9세이하
g_g007368,자녀,남자,~9세이하
g_g007368,배우자,남자,40대
g_g007369,자녀,남자,~9세이하
g_g007369,자녀,남자,~9세이하
g_g007371,친구,여자,20대
g_g007373,부모,남자,60대
g_g007373,형제/자매,남자,30대
g_g007373,부모,여자,60대
g_g007374,자녀,여자,10대
g_g007374,자녀,남자,10대
g_g007374,배우자,남자,40대
g_g007377,연인,남자,30대
g_g007380,배우자,여자,30대
g_g007383,배우자,남자,30대
g_g007383,자녀,남자,~9세이하
g_g007386,친구,여자,20대
g_g007389,배우자,여자,40대
g_g007389,자녀,여자,~9세이하
g_g007389,자녀,남자,~9세이하
g_g007393,연인,남자,20대
g_g007395,친구,여자,20대
g_g007396,연인,여자,30대
g_g007401,배우자,여자,30대
g_g007405,배우자,남자,30대
g_g007405,자녀,여자,~9세이하
g_g007407,자녀,여자,20대
g_g007407,자녀,여자,20대
g_g007407,배우자,남자,50대
g_g007407,자녀,여자,20대
g_g007410,연인,여자,30대
g_g007411,연인,남자,30대
g_g007412,자녀,여자,~9세이하
g_g007412,배우자,남자,40대
g_g007413,친구,여자,40대
g_g007416,배우자,여자,30대
g_g007417,연인,남자,20대
g_g007420,연인,남자,20대
g_g007432,연인,남자,30대
g_g007433,친구,여자,20대
g_g007434,부모,여자,60대
g_g007434,부모,남자,60대
g_g007435,친구,여자,40대
g_g007476,연인,여자,20대
g_g007513,연인,남자,20대
g_g007514,연인,여자,20대
g_g007524,연인,남자,20대
g_g007528,배우자,여자,40대
g_g007528,자녀,남자,10대
g_g007535,동료,여자,20대
g_g007535,동료,남자,20대
g_g007535,동료,여자,20대
g_g007536,연인,남자,30대
g_g007537,친구,여자,20대
g_g007537,연인,남자,20대
g_g007537,친구,남자,20대
g_g007538,연인,남자,20대
g_g007539,배우자,여자,30대
g_g007540,연인,여자,30대
g_g007546,연인,남자,20대
g_g007565,형제/자매,여자,20대
g_g007576,친구,여자,20대
g_g007576,친구,여자,20대
g_g007596,친구,여자,20대
g_g007622,연인,남자,20대
g_g007628,연인,여자,20대
g_g007644,친구,남자,50대
g_g007644,친구,여자,50대
g_g007671,연인,남자,30대
g_g007675,배우자,남자,30대
g_g007679,연인,남자,20대
g_g007681,배우자,여자,30대
g_g007681,자녀,남자,~9세이하
g_g007684,배우자,남자,30대
g_g007684,자녀,남자,~9세이하
g_g007704,친구,여자,20대
g_g007704,친구,여자,20대
g_g007704,친구,여자,20대
g_g007718,기타,남자,10대
g_g007718,기타,남자,10대
g_g007727,연인,남자,30대
g_g007729,친구,여자,20대
g_g007748,친구,남자,20대
g_g007748,친구,여자,20대
g_g007757,연인,남자,30대
g_g007762,연인,남자,20대
g_g007774,자녀,여자,10대
g_g007774,친구,여자,40대
g_g007774,기타,여자,10대
g_g007774,배우자,남자,40대
g_g007774,자녀,여자,10대
g_g007774,친구,남자,40대
g_g007774,기타,여자,10대
g_g007776,자녀,남자,~9세이하
g_g007776,배우자,남자,30대
g_g007779,연인,남자,30대
g_g007780,친구,여자,20대
g_g007785,형제/자매,여자,20대
g_g007787,배우자,남자,30대
g_g007787,자녀,여자,~9세이하
g_g007787,자녀,남자,~9세이하
g_g007789,연인,남자,30대
g_g007792,부모,여자,60대
g_g007792,부모,남자,60대
g_g007793,연인,여자,30대
g_g007807,부모,여자,60대
g_g007810,친구,남자,20대
g_g007884,연인,여자,20대
g_g007895,친구,남자,30대
g_g007932,형제/자매,여자,20대
g_g007947,연인,남자,20대
g_g007992,형제/자매,여자,20대
g_g007993,친구,여자,20대
g_g007993,친구,여자,20대
g_g008048,연인,남자,30대
g_g008055,연인,여자,20대
g_g008062,부모,여자,50대
g_g008062,부모,남자,50대
g_g008062,형제/자매,여자,20대
g_g008090,연인,남자,20대
g_g008098,친구,여자,20대
g_g008104,연인,남자,30대
g_g008106,연인,여자,20대
g_g008141,부모,여자,50대
g_g008176,친구,여자,20대
g_g008224,연인,남자,20대
g_g008284,연인,남자,30대
g_g008304,친구,여자,20대
g_g008330,친구,여자,20대
g_g008330,친구,여자,20대
g_g008332,부모,여자,50대
g_g008338,연인,남자,20대
g_g008368,연인,남자,20대
g_g008382,배우자,남자,30대
g_g008382,자녀,여자,~9세이하
g_g008382,자녀,여자,~9세이하
g_g008383,친구,남자,20대
g_g008402,자녀,여자,20대
g_g008402,자녀,여자,20대
g_g008405,연인,남자,20대
g_g008429,부모,여자,60대
g_g008435,친구,여자,20대
g_g008471,친구,여자,20대
g_g008514,부모,여자,40대
g_g008520,배우자,남자,30대
g_g008531,연인,남자,30대
g_g008626,친구,남자,50대
g_g008626,친구,여자,50대
g_g008626,친구,남자,50대
g_g008626,친구,남자,50대
g_g008626,친구,여자,50대
g_g008626,친구,여자,50대
g_g008626,친구,남자,50대
g_g008659,부모,남자,60대
g_g008659,형제/자매,남자,30대
g_g008659,부모,여자,50대
g_g008664,자녀,여자,~9세이하
g_g008664,배우자,남자,30대
g_g008701,"친목 단체/모임(동호회, 종교단체 등)",여자,40대
g_g008701,"친목 단체/모임(동호회, 종교단체 등)",여자,40대
g_g008701,자녀,남자,10대
g_g008701,"친목 단체/모임(동호회, 종교단체 등)",여자,40대
g_g008701,"친목 단체/모임(동호회, 종교단체 등)",여자,40대
g_g008733,연인,남자,20대
g_g008737,친구,여자,20대
g_g008737,친구,여자,20대
g_g008789,연인,남자,20대
g_g008798,연인,남자,20대
g_g008812,부모,여자,50대
g_g008812,부모,남자,50대
g_g008812,형제/자매,여자,20대
g_g008830,연인,여자,30대
g_g008859,연인,남자,20대
g_g008863,부모,남자,60대
g_g008863,형제/자매,여자,30대
g_g008863,부모,여자,60대
g_g008866,친구,여자,20대
g_g008866,친구,여자,20대
g_g008866,친구,여자,20대
g_g008873,배우자,여자,30대
g_g008878,친구,여자,20대
g_g008878,친구,여자,20대
g_g008895,친구,여자,20대
g_g008895,친구,여자,20대
g_g008902,연인,남자,30대
g_g008925,친구,남자,30대
g_g008928,부모,여자,50대
g_g008928,부모,남자,50대
g_g008932,형제/자매,여자,20대
g_g008968,부모,여자,50대
g_g009026,친구,여자,20대
g_g009114,친구,남자,20대
g_g009114,연인,남자,20대
g_g009114,친구,여자,20대
g_g009114,친구,남자,20대
g_g009114,친구,남자,20대
g_g009114,친구,여자,20대
g_g009114,친구,여자,20대
g_g009161,친구,여자,20대
g_g009161,친구,여자,20대
g_g009210,친구,여자,20대
g_g009219,연인,남자,20대
g_g009233,연인,여자,20대
g_g009266,연인,남자,20대
g_g009273,친구,여자,20대
g_g009283,형제/자매,여자,20대
g_g009291,친구,여자,20대
g_g009320,친구,여자,30대
g_g009325,연인,남자,30대
g_g009332,친구,여자,30대
g_g009335,친구,여자,20대
g_g009335,친구,여자,20대
g_g009348,자녀,남자,~9세이하
g_g009348,부모,여자,50대
g_g009348,형제/자매,남자,30대
g_g009348,배우자,여자,30대
g_g009348,부모,남자,50대
g_g009348,형제/자매,여자,30대
g_g009348,기타,남자,~9세이하
g_g009355,배우자,남자,40대
g_g009355,자녀,여자,10대
g_g009355,자녀,남자,10대
g_g009365,배우자,남자,40대
g_g009367,배우자,남자,40대
g_g009367,자녀,여자,~9세이하
g_g009367,자녀,남자,~9세이하
g_g009368,연인,여자,20대
g_g009370,연인,여자,20대
g_g009401,연인,남자,30대
g_g009442,부모,여자,70세이상
g_g009442,배우자,여자,50대
g_g009442,형제/자매,여자,40대
g_g009465,연인,남자,20대
g_g009482,연인,여자,20대
g_g009503,자녀,남자,~9세이하
g_g009526,친구,여자,40대
g_g009533,배우자,남자,20대
g_g009557,연인,남자,20대
g_g009630,연인,여자,20대
g_g009639,연인,남자,20대
g_g009661,연인,여자,20대
g_g009732,친구,여자,20대
g_g009745,연인,남자,30대
g_g009768,연인,남자,30대
g_g009771,연인,여자,20대
g_g009783,친구,여자,20대
g_g009783,친구,여자,20대
g_g009798,자녀,여자,~9세이하
g_g009798,배우자,남자,40대
g_g009798,자녀,여자,~9세이하
g_g009798,자녀,여자,~9세이하
g_g009821,배우자,여자,30대
g_g009821,자녀,남자,~9세이하
g_g009858,연인,남자,20대
g_g009864,배우자,남자,50대
g_g009879,친구,남자,20대
g_g009879,친구,여자,20대
g_g009898,자녀,남자,~9세이하
g_g009898,배우자,남자,40대
g_g009929,자녀,여자,~9세이하
g_g009929,배우자,남자,30대
g_g009931,친구,여자,20대
g_g010037,부모,여자,40대
g_g010043,연인,여자,20대
g_g010044,형제/자매,여자,20대
g_g010107,"친목 단체/모임(동호회, 종교단체 등)",남자,30대
g_g010107,"친목 단체/모임(동호회, 종교단체 등)",남자,30대
g_g010107,"친목 단체/모임(동호회, 종교단체 등)",여자,30대
g_g010107,"친목 단체/모임(동호회, 종교단체 등)",여자,30대
g_g010107,"친목 단체/모임(동호회, 종교단체 등)",남자,30대
g_g010107,"친목 단체/모임(동호회, 종교단체 등)",남자,30대
g_g010107,"친목 단체/모임(동호회, 종교단체 등)",남자,40대
g_g010107,"친목 단체/모임(동호회, 종교단체 등)",여자,30대
g_g010107,"친목 단체/모임(동호회, 종교단체 등)",여자,30대
g_g010119,배우자,여자,40대
g_g010164,연인,남자,30대
g_g010200,부모,여자,50대
g_g010210,연인,여자,20대
g_g010218,부모,남자,60대
g_g010218,형제/자매,여자,20대
g_g010218,부모,여자,60대
g_g010222,자녀,여자,20대
g_g010222,배우자,여자,40대
g_g010224,자녀,여자,~9세이하
g_g010224,배우자,여자,30대
g_g010248,배우자,남자,30대
g_g010248,자녀,남자,~9세이하
g_g010256,연인,남자,30대
g_g010342,연인,여자,20대
g_g010348,연인,남자,20대
g_g010357,연인,여자,20대
g_g010391,연인,남자,40대
g_g010401,친구,여자,20대
g_g010412,자녀,여자,~9세이하
g_g010412,배우자,남자,30대
g_g010412,자녀,여자,~9세이하
g_g010413,연인,남자,30대
g_g010415,자녀,여자,~9세이하
g_g010415,배우자,남자,40대
g_g010415,자녀,남자,~9세이하
g_g010423,부모,여자,60대
g_g010423,형제/자매,남자,20대
g_g010430,자녀,여자,~9세이하
g_g010430,배우자,남자,40대
g_g010439,연인,남자,30대
g_g010441,친구,여자,20대
g_g010441,친구,여자,20대
g_g010444,연인,남자,20대
g_g010456,자녀,여자,10대
g_g010456,자녀,여자,30대
g_g010458,연인,여자,30대
g_g010461,배우자,여자,30대
g_g010461,자녀,여자,10대
g_g010464,친구,여자,20대
g_g010464,친구,여자,20대
g_g010476,배우자,남자,20대
g_g010476,자녀,남자,~9세이하
g_g010483,연인,여자,20대
g_g010506,연인,남자,30대
g_g010510,형제/자매,여자,10대
g_g010510,부모,여자,50대
g_g010521,조부모,여자,70세이상
g_g010521,부모,여자,50대
g_g010526,배우자,남자,30대
g_g010545,친구,여자,20대
g_g010545,친구,여자,20대
g_g010545,친구,여자,20대
g_g010545,친구,여자,20대
g_g010557,친구,여자,30대
g_g010557,친구,여자,30대
g_g010557,친구,여자,30대
g_g010569,친구,여자,20대
g_g010569,친구,여자,30대
g_g010594,부모,여자,50대
g_g010601,연인,여자,30대
g_g010617,동료,여자,20대
g_g010617,동료,여자,20대
g_g010617,동료,여자,20대
g_g010617,동료,여자,20대
g_g010624,친구,여자,20대
g_g010633,친구,여자,20대
g_g010656,연인,여자,20대
g_g010657,배우자,남자,20대
g_g010673,배우자,여자,30대
g_g010674,조부모,여자,70세이상
g_g010705,연인,남자,30대
g_g010717,연인,남자,30대
g_g010735,배우자,남자,30대
g_g010735,자녀,남자,~9세이하
g_g010747,친구,여자,20대
g_g010757,자녀,여자,20대
g_g010757,자녀,남자,20대
g_g010757,자녀,남자,20대
g_g010776,자녀,여자,20대
g_g010776,배우자,여자,50대
g_g010776,자녀,여자,20대
g_g010780,친구,여자,40대
g_g010781,배우자,남자,30대
g_g010785,친구,여자,30대
g_g010799,친구,남자,30대
g_g010799,친구,남자,30대
g_g010799,친구,남자,30대
g_g010799,친구,남자,30대
g_g010805,자녀,여자,~9세이하
g_g010805,배우자,남자,30대
g_g010805,자녀,여자,~9세이하
g_g010816,연인,남자,20대
g_g010835,연인,남자,20대
g_g010836,연인,남자,20대
g_g010840,연인,여자,20대
g_g010847,연인,남자,20대
g_g010850,친구,남자,20대
g_g010860,자녀,여자,10대
g_g010860,자녀,남자,~9세이하
g_g010870,배우자,남자,30대
g_g010878,형제/자매,여자,20대
g_g010908,배우자,남자,40대
g_g010910,자녀,남자,10대
g_g010910,배우자,남자,40대
g_g010930,자녀,여자,~9세이하
g_g010930,배우자,남자,40대
g_g010931,연인,남자,20대
g_g010932,연인,남자,20대
g_g010939,배우자,여자,40대
g_g010939,자녀,여자,~9세이하
g_g010944,연인,남자,30대
g_g010945,연인,남자,20대
g_g010950,친구,여자,20대
g_g010954,자녀,남자,~9세이하
g_g010954,배우자,남자,30대
g_g010972,부모,여자,50대
g_g010976,형제/자매,여자,20대
g_g010979,친구,여자,20대
g_g011009,형제/자매,여자,20대
g_g011009,부모,여자,40대
g_g011018,자녀,여자,20대
g_g011045,배우자,여자,30대
g_g011053,친구,여자,20대
g_g011053,친구,여자,20대
g_g011054,자녀,여자,~9세이하
g_g011054,배우자,남자,30대
g_g011054,자녀,남자,~9세이하
g_g011077,자녀,남자,~9세이하
g_g011077,배우자,남자,30대
g_g011078,친구,여자,20대
g_g011086,친구,여자,20대
g_g011086,친구,여자,20대
g_g011091,동료,여자,20대
g_g011091,동료,여자,20대
g_g011097,연인,남자,20대
g_g011098,연인,여자,20대
g_g011101,친구,여자,30대
g_g011102,형제/자매,남자,20대
g_g011105,연인,여자,20대
g_g011106,부모,여자,50대
g_g011120,친구,여자,20대
g_g011127,배우자,남자,30대
g_g011137,친구,남자,40대
g_g011137,친구,남자,40대
g_g011137,친구,남자,40대
g_g011146,형제/자매,여자,20대
g_g011146,부모,여자,50대
g_g011148,배우자,남자,30대
g_g011161,형제/자매,남자,20대
g_g011161,형제/자매,여자,30대
g_g011163,연인,남자,20대
g_g011166,연인,남자,20대
g_g011171,연인,여자,20대
g_g011188,연인,남자,20대
g_g011189,연인,여자,20대
g_g011194,부모,여자,50대
g_g011197,친구,여자,30대
g_g011200,친구,여자,50대
g_g011207,연인,남자,20대
g_g011228,연인,여자,20대
g_g011229,연인,여자,20대
g_g011232,연인,여자,20대
g_g011233,친구,여자,20대
g_g011233,친구,남자,30대
g_g011233,친구,여자,20대
g_g011242,친구,여자,20대
g_g011242,친구,여자,20대
g_g011242,친구,여자,20대
g_g011254,배우자,남자,40대
g_g011254,자녀,남자,~9세이하
g_g011254,자녀,남자,~9세이하
g_g011255,친인척,남자,~9세이하
g_g011255,자녀,남자,~9세이하
g_g011255,형제/자매,여자,40대
g_g011286,친구,여자,30대
g_g011291,친구,여자,20대
g_g011292,친구,남자,20대
g_g011295,부모,여자,70세이상
g_g011295,형제/자매,여자,40대
g_g011297,연인,여자,20대
g_g011299,연인,남자,30대
g_g011300,배우자,남자,30대
g_g011305,친구,여자,20대
g_g011318,연인,남자,30대
g_g011323,배우자,남자,40대
g_g011344,친구,여자,30대
g_g011354,연인,여자,20대
g_g011365,부모,여자,50대
g_g011370,친구,여자,40대
g_g011374,배우자,여자,40대
g_g011376,배우자,남자,30대
g_g011393,연인,남자,20대
g_g011396,배우자,여자,40대
g_g011396,자녀,남자,~9세이하
g_g011398,자녀,남자,~9세이하
g_g011411,연인,남자,20대
g_g011412,연인,남자,20대
g_g011422,연인,여자,20대
g_g011432,배우자,여자,30대
g_g011435,친인척,여자,50대
g_g011448,배우자,남자,50대
g_g011449,배우자,남자,60대
g_g011450,배우자,남자,50대
g_g011454,연인,남자,30대
g_g011459,자녀,여자,~9세이하
g_g011459,배우자,여자,30대
g_g011473,자녀,남자,10대
g_g011473,배우자,여자,30대
g_g011476,자녀,남자,~9세이하
g_g011476,배우자,남자,30대
g_g011476,자녀,남자,~9세이하
g_g011478,연인,여자,30대
g_g011479,부모,여자,60대
g_g011481,연인,남자,30대
g_g011482,자녀,여자,~9세이하
g_g011482,배우자,남자,30대
g_g011486,자녀,남자,~9세이하
g_g011486,배우자,남자,40대
g_g011487,배우자,남자,60대
g_g011489,배우자,여자,30대
g_g011491,친구,여자,20대
g_g011496,배우자,남자,60대
g_g011502,배우자,남자,40대
g_g011502,자녀,여자,10대
g_g011508,친구,여자,30대
g_g011509,연인,남자,30대
g_g011510,친구,여자,20대
g_g011511,연인,남자,30대
g_g011514,배우자,남자,30대
g_g011517,친구,여자,20대
g_g011519,부모,여자,70세이상
g_g011524,부모,여자,50대
g_g011526,연인,남자,30대
g_g011529,연인,남자,20대
g_g011530,배우자,남자,50대
g_g011530,부모,여자,70세이상
g_g011531,배우자,여자,30대
g_g011531,자녀,여자,~9세이하
g_g011533,배우자,여자,30대
g_g011541,자녀,여자,~9세이하
g_g011541,배우자,여자,30대
g_g011541,자녀,여자,~9세이하
g_g011551,배우자,남자,40대
g_g011551,자녀,여자,10대
g_g011562,자녀,남자,~9세이하
g_g011566,배우자,남자,40대
g_g011566,기타,남자,40대
g_g011566,기타,남자,40대
g_g011566,친구,여자,40대
g_g011566,동료,여자,40대
g_g011567,배우자,남자,40대
g_g011567,자녀,여자,10대
g_g011571,부모,여자,60대
g_g011574,배우자,남자,30대
g_g011577,친구,여자,50대
g_g011578,친구,남자,20대
g_g011578,친구,남자,20대
g_g011580,연인,여자,30대
g_g011590,형제/자매,남자,40대
g_g011591,배우자,남자,60대
g_g011591,자녀,여자,30대
g_g011597,친구,여자,40대
g_g011597,친구,여자,40대
g_g011597,친구,여자,40대
g_g011598,배우자,남자,50대
g_g011612,연인,남자,30대
g_g011614,친구,여자,30대
g_g011614,형제/자매,여자,20대
g_g011614,친구,여자,30대
g_g011619,부모,여자,70세이상
g_g011619,자녀,남자,10대
g_g011619,배우자,여자,40대
g_g011619,자녀,여자,~9세이하
g_g011620,부모,여자,50대
g_g011620,부모,남자,60대
g_g011622,배우자,남자,30대
g_g011622,자녀,여자,~9세이하
g_g011622,자녀,남자,~9세이하
g_g011628,연인,남자,30대
g_g011629,친구,여자,30대
g_g011630,연인,여자,20대
g_g011631,친구,여자,20대
g_g011644,친구,여자,20대
g_g011669,연인,남자,30대
g_g011673,동료,여자,40대
g_g011674,부모,남자,60대
g_g011674,형제/자매,남자,40대
g_g011679,자녀,여자,~9세이하
g_g011680,배우자,여자,30대
g_g011683,부모,여자,60대
g_g011683,부모,남자,60대
g_g011685,배우자,남자,40대
g_g011685,자녀,여자,~9세이하
g_g011685,자녀,여자,~9세이하
g_g011687,연인,여자,20대
g_g011691,부모,여자,50대
g_g011692,친구,여자,20대
g_g011697,배우자,여자,30대
g_g011697,부모,여자,60대
g_g011697,부모,남자,60대
g_g011704,연인,남자,30대
g_g011708,연인,남자,20대
g_g011709,연인,남자,30대
g_g011726,친구,여자,20대
g_g011734,연인,여자,20대
g_g011746,친구,남자,50대
g_g011746,배우자,남자,50대
g_g011746,친구,여자,50대
g_g011753,배우자,남자,40대
g_g011754,친구,여자,40대
g_g011754,친구,여자,40대
g_g011754,친구,여자,40대
g_g011754,친구,여자,40대
g_g011764,친구,여자,40대
g_g011786,부모,여자,60대
g_g011787,부모,남자,50대
g_g011787,부모,여자,50대
g_g011787,연인,남자,20대
g_g011791,부모,여자,70세이상
g_g011805,자녀,여자,10대
g_g011805,배우자,남자,40대
g_g011805,자녀,남자,~9세이하
g_g011813,자녀,여자,~9세이하
g_g011813,자녀,남자,~9세이하
g_g011813,배우자,남자,40대
g_g011813,자녀,여자,~9세이하
g_g011816,연인,남자,20대
g_g011819,연인,여자,30대
g_g011821,자녀,여자,~9세이하
g_g011821,배우자,여자,30대
g_g011821,자녀,남자,~9세이하
g_g011822,배우자,여자,30대
g_g011824,자녀,남자,~9세이하
g_g011824,조부모,남자,60대
g_g011824,배우자,남자,30대
g_g011824,자녀,여자,~9세이하
g_g011824,조부모,여자,60대
g_g011825,배우자,남자,10대
g_g011826,배우자,남자,40대
g_g011827,배우자,여자,70세이상
g_g011829,자녀,남자,20대
g_g011829,배우자,남자,50대
g_g011832,배우자,남자,50대
g_g011832,자녀,남자,10대
g_g011832,자녀,여자,20대
g_g011832,자녀,남자,10대
g_g011833,친구,여자,20대
g_g011835,친구,여자,60대
g_g011835,친구,여자,60대
g_g011836,연인,남자,30대
g_g011838,형제/자매,여자,20대
g_g011840,배우자,남자,30대
g_g011841,연인,여자,30대
g_g011849,자녀,여자,~9세이하
g_g011849,배우자,여자,30대
g_g011849,자녀,남자,~9세이하
g_g011850,배우자,남자,30대
g_g011854,연인,여자,20대
g_g011857,자녀,남자,10대
g_g011857,배우자,남자,40대
g_g011857,자녀,남자,10대
g_g011858,배우자,남자,40대
g_g011858,자녀,남자,10대
g_g011858,자녀,여자,10대
g_g011859,배우자,남자,60대
g_g011860,형제/자매,여자,30대
g_g011872,배우자,남자,30대
g_g011873,친구,남자,30대
g_g011876,연인,남자,30대
g_g011881,연인,남자,30대
g_g011882,자녀,여자,10대
g_g011918,연인,남자,20대
g_g011924,배우자,남자,30대
g_g011925,자녀,여자,~9세이하
g_g011929,연인,남자,30대
g_g011930,배우자,남자,30대
g_g011931,기타,여자,~9세이하
g_g011931,친구,여자,40대
g_g011931,자녀,남자,~9세이하
g_g011934,배우자,남자,40대
g_g011940,배우자,여자,30대
g_g011940,자녀,여자,~9세이하
g_g011940,자녀,여자,~9세이하
g_g011943,친구,여자,20대
g_g011944,연인,여자,20대
g_g011949,자녀,여자,20대
g_g011949,배우자,남자,50대
g_g011966,부모,여자,50대
g_g011970,연인,여자,20대
g_g011971,자녀,여자,~9세이하
g_g011983,연인,남자,30대
g_g011990,부모,남자,60대
g_g011990,배우자,여자,30대
g_g011990,부모,여자,60대
g_g011996,친구,남자,30대
g_g012152,배우자,여자,30대
g_g012152,자녀,여자,~9세이하
g_g012152,자녀,남자,~9세이하
g_g012153,배우자,여자,30대
g_g012153,자녀,남자,~9세이하
g_g012155,연인,남자,30대
g_g012159,친구,남자,40대
g_g012160,자녀,남자,30대
g_g012160,배우자,여자,50대
g_g012161,자녀,여자,~9세이하
g_g012161,자녀,여자,~9세이하
g_g012161,배우자,여자,30대
g_g012162,배우자,여자,30대
g_g012162,자녀,여자,~9세이하
g_g012164,연인,남자,30대
g_g012171,자녀,남자,~9세이하
g_g012171,배우자,여자,30대
g_g012171,자녀,남자,~9세이하
g_g012173,배우자,여자,50대
g_g012174,자녀,여자,10대
g_g012174,배우자,남자,40대
g_g012175,배우자,남자,50대
g_g012176,연인,남자,30대
g_g012177,동료,여자,30대
g_g012177,동료,여자,30대
g_g012181,배우자,여자,30대
g_g012181,자녀,남자,~9세이하
g_g012181,자녀,여자,~9세이하
g_g012182,연인,남자,20대
g_g012185,자녀,여자,30대
g_g012186,연인,남자,30대
g_g012188,배우자,여자,40대
g_g012189,친구,여자,20대
g_g012190,자녀,남자,~9세이하
g_g012190,배우자,남자,30대
g_g012190,자녀,여자,~9세이하
g_g012192,연인,남자,30대
g_g012194,친구,남자,60대
g_g012196,자녀,여자,10대
g_g012196,배우자,남자,40대
g_g012196,자녀,여자,~9세이하
g_g012197,연인,남자,30대
g_g012199,자녀,남자,10대
g_g012199,자녀,남자,~9세이하
g_g012199,배우자,여자,40대
g_g012199,자녀,여자,~9세이하
g_g012201,부모,여자,60대
g_g012201,형제/자매,남자,20대
g_g012203,부모,여자,50대
g_g012203,부모,남자,60대
g_g012205,친구,남자,30대
g_g012207,자녀,남자,~9세이하
g_g012207,배우자,여자,30대
g_g012207,자녀,남자,~9세이하
g_g012209,배우자,남자,30대
g_g012212,연인,여자,20대
g_g012220,자녀,여자,~9세이하
g_g012220,배우자,여자,30대
g_g012227,부모,여자,60대
g_g012227,형제/자매,여자,30대
g_g012227,친인척,여자,~9세이하
g_g012227,부모,남자,60대
g_g012227,친인척,남자,40대
g_g012235,배우자,남자,30대
g_g012238,연인,여자,20대
g_g012239,친구,여자,20대
g_g012246,동료,여자,40대
g_g012254,배우자,남자,40대
g_g012254,자녀,여자,~9세이하
g_g012254,자녀,남자,10대
g_g012255,연인,남자,20대
g_g012257,배우자,남자,20대
g_g012258,자녀,남자,10대
g_g012258,배우자,여자,30대
g_g012258,자녀,여자,~9세이하
g_g012260,배우자,남자,40대
g_g012260,자녀,남자,~9세이하
g_g012260,자녀,여자,~9세이하
g_g012267,배우자,여자,30대
g_g012269,연인,남자,20대
g_g012270,친구,여자,30대
g_g012276,연인,여자,30대
g_g012277,자녀,여자,10대
g_g012277,배우자,여자,40대
g_g012277,자녀,남자,~9세이하
g_g012278,연인,남자,20대
g_g012282,부모,여자,60대
g_g012283,연인,여자,30대
g_g012289,친구,여자,20대
g_g012304,연인,여자,20대
g_g012314,부모,여자,60대
g_g012314,부모,남자,60대
g_g012316,자녀,남자,~9세이하
g_g012316,배우자,남자,30대
g_g012318,연인,여자,20대
g_g012323,배우자,남자,30대
g_g012323,자녀,여자,10대
g_g012325,자녀,남자,~9세이하
g_g012326,연인,여자,30대
g_g012333,부모,여자,40대
g_g012337,연인,남자,30대
g_g012339,자녀,남자,10대
g_g012339,배우자,여자,40대
g_g012339,자녀,남자,10대
g_g012347,연인,남자,30대
g_g012348,친구,여자,40대
g_g012350,연인,남자,20대
g_g012351,배우자,여자,40대
g_g012351,자녀,여자,~9세이하
g_g012372,배우자,남자,30대
g_g012377,친구,남자,30대
g_g012379,자녀,남자,30대
g_g012388,배우자,남자,70세이상
g_g012389,부모,여자,60대
g_g012389,자녀,여자,~9세이하
g_g012389,부모,남자,60대
g_g012389,배우자,남자,30대
g_g012389,형제/자매,남자,30대
g_g012391,연인,남자,40대
g_g012396,자녀,여자,20대
g_g012400,연인,남자,30대
g_g012402,배우자,남자,30대
g_g012402,자녀,여자,~9세이하
g_g012402,자녀,여자,~9세이하
g_g012406,배우자,남자,30대
g_g012420,친구,여자,20대
g_g012422,친구,여자,30대
g_g012430,친구,남자,20대
g_g012430,친구,여자,20대
g_g012430,친구,여자,20대
g_g012431,연인,남자,20대
g_g012433,연인,남자,20대
g_g012435,자녀,여자,20대
g_g012436,친구,여자,20대
g_g012447,연인,남자,20대
g_g012455,자녀,여자,30대
g_g012455,자녀,여자,20대
g_g012457,연인,여자,20대
g_g012463,부모,여자,70세이상
g_g012463,자녀,여자,20대
g_g012463,형제/자매,여자,60대
g_g012472,친구,남자,20대
g_g012472,친구,여자,20대
g_g012473,형제/자매,여자,20대
g_g012475,연인,여자,20대
g_g012478,자녀,여자,10대
g_g012478,배우자,남자,40대
g_g012478,자녀,남자,~9세이하
g_g012484,부모,남자,50대
g_g012484,형제/자매,남자,20대
g_g012484,부모,여자,50대
g_g012487,친구,여자,20대
g_g012487,친구,여자,20대
g_g012494,연인,여자,20대
g_g012498,친구,남자,40대
g_g012502,친구,남자,30대
g_g012523,친구,여자,20대
g_g012528,배우자,여자,50대
g_g012528,자녀,남자,20대
g_g012528,자녀,여자,20대
g_g012530,친구,여자,40대
g_g012530,연인,여자,40대
g_g012531,친구,여자,20대
g_g012532,배우자,남자,30대
g_g012532,자녀,남자,~9세이하
g_g012532,자녀,남자,~9세이하
g_g012541,연인,여자,20대
g_g012542,친구,여자,20대
g_g012544,친구,여자,30대
g_g012544,친구,여자,30대
g_g012546,배우자,남자,40대
g_g012546,자녀,여자,~9세이하
g_g012546,자녀,남자,~9세이하
g_g012557,자녀,여자,10대
g_g012571,연인,여자,20대
g_g012572,연인,남자,30대
g_g012580,연인,남자,30대
g_g012582,자녀,남자,~9세이하
g_g012582,배우자,여자,30대
g_g012583,친구,남자,20대
g_g012583,친구,남자,20대
g_g012586,배우자,남자,30대
g_g012586,자녀,남자,~9세이하
g_g012591,자녀,여자,~9세이하
g_g012591,배우자,남자,40대
g_g012604,친구,여자,20대
g_g012617,연인,여자,20대
g_g012620,연인,남자,20대
g_g012628,연인,남자,20대
g_g012634,자녀,남자,10대
g_g012634,형제/자매,여자,30대
g_g012639,연인,여자,20대
g_g012643,자녀,남자,~9세이하
g_g012643,배우자,남자,40대
g_g012643,자녀,여자,~9세이하
g_g012650,자녀,여자,~9세이하
g_g012650,배우자,남자,30대
g_g012650,자녀,남자,~9세이하
g_g012653,연인,여자,30대
g_g012655,배우자,여자,30대
g_g012655,자녀,남자,~9세이하
g_g012655,자녀,남자,~9세이하
g_g012656,부모,여자,60대
g_g012656,자녀,남자,~9세이하
g_g012658,친구,여자,30대
g_g012658,친구,남자,40대
g_g012658,친구,여자,30대
g_g012659,배우자,남자,30대
g_g012659,자녀,여자,~9세이하
g_g012659,자녀,여자,~9세이하
g_g012662,친구,여자,30대
g_g012665,배우자,남자,40대
g_g012665,자녀,여자,~9세이하
g_g012665,자녀,남자,~9세이하
g_g012665,자녀,여자,~9세이하
g_g012674,연인,남자,20대
g_g012675,친구,여자,20대
g_g012677,자녀,남자,10대
g_g012677,배우자,여자,40대
g_g012677,자녀,여자,10대
g_g012679,자녀,여자,10대
g_g012680,연인,남자,20대
g_g012686,배우자,여자,30대
g_g012687,자녀,여자,~9세이하
g_g012687,배우자,남자,30대
g_g012688,부모,여자,50대
g_g012689,형제/자매,여자,20대
g_g012690,자녀,여자,~9세이하
g_g012698,배우자,남자,30대
g_g012702,친구,여자,30대
g_g012704,배우자,여자,40대
g_g012704,자녀,여자,~9세이하
g_g012704,자녀,남자,~9세이하
g_g012705,동료,남자,30대
g_g012705,동료,여자,30대
g_g012705,동료,남자,30대
g_g012705,동료,여자,30대
g_g012711,배우자,여자,30대
g_g012713,자녀,남자,~9세이하
g_g012713,배우자,여자,30대
g_g012713,자녀,여자,~9세이하
g_g012716,자녀,여자,10대
g_g012716,부모,여자,60대
g_g012723,연인,여자,20대
g_g012724,자녀,여자,~9세이하
g_g012724,배우자,여자,40대
g_g012726,친구,여자,20대
g_g012726,친구,여자,20대
g_g012727,부모,남자,60대
g_g012727,배우자,남자,40대
g_g012727,부모,여자,60대
g_g012728,자녀,여자,30대
g_g012732,배우자,여자,50대
g_g012742,부모,여자,60대
g_g012745,배우자,남자,40대
g_g012750,부모,여자,50대
g_g012752,연인,남자,20대
g_g012753,연인,여자,20대
g_g012755,형제/자매,남자,40대
g_g012755,형제/자매,여자,40대
g_g012755,친인척,여자,10대
g_g012755,부모,남자,70세이상
g_g012755,부모,여자,70세이상
g_g012755,형제/자매,여자,40대
g_g012755,자녀,여자,20대
g_g012755,친인척,남자,~9세이하
g_g012755,배우자,남자,50대
g_g012755,부모,여자,70세이상
g_g012757,연인,여자,20대
g_g012761,형제/자매,여자,50대
g_g012761,배우자,여자,50대
g_g012761,형제/자매,여자,60대
g_g012764,연인,남자,20대
g_g012767,연인,남자,20대
g_g012770,자녀,여자,~9세이하
g_g012770,배우자,남자,30대
g_g012772,연인,남자,20대
g_g012774,연인,남자,20대
g_g012776,부모,여자,40대
g_g012776,부모,남자,40대
g_g012781,배우자,여자,40대
g_g012791,자녀,남자,~9세이하
g_g012791,배우자,남자,30대
g_g012791,자녀,남자,~9세이하
g_g012796,연인,남자,20대
g_g012803,자녀,남자,~9세이하
g_g012803,배우자,여자,30대
g_g012803,자녀,여자,~9세이하
g_g012805,연인,남자,30대
g_g012807,연인,여자,40대
g_g012812,연인,남자,20대
g_g012814,자녀,여자,10대
g_g012857,배우자,남자,40대
g_g012858,배우자,남자,40대
g_g012858,자녀,여자,~9세이하
g_g012864,자녀,남자,50대
g_g012873,배우자,여자,40대
g_g012873,자녀,남자,10대
g_g012874,배우자,남자,40대
g_g012880,친구,여자,20대
g_g012883,연인,남자,40대
g_g012884,부모,남자,50대
g_g012884,형제/자매,여자,30대
g_g012884,부모,여자,50대
g_g012891,부모,여자,60대
g_g012905,형제/자매,여자,20대
g_g012917,연인,여자,20대
g_g012919,배우자,남자,30대
g_g012919,자녀,여자,~9세이하
g_g012927,연인,여자,20대
g_g012933,자녀,여자,10대
g_g012933,배우자,남자,40대
g_g012933,자녀,남자,~9세이하
g_g012943,자녀,여자,30대
g_g012943,배우자,남자,60대
g_g012963,연인,남자,30대
g_g012989,자녀,여자,20대
g_g012990,배우자,남자,40대
g_g012999,배우자,남자,30대
g_g012999,자녀,남자,~9세이하
g_g012999,자녀,남자,~9세이하
g_g013022,배우자,남자,30대
g_g013023,연인,남자,20대
g_g013027,연인,여자,20대
g_g013029,자녀,남자,~9세이하
g_g013029,형제/자매,남자,40대
g_g013029,부모,여자,60대
g_g013037,형제/자매,남자,40대
g_g013037,친인척,남자,~9세이하
g_g013037,부모,여자,60대
g_g013037,친인척,여자,40대
g_g013038,친구,여자,20대
g_g013038,친구,여자,20대
g_g013045,배우자,여자,30대
g_g013045,자녀,여자,~9세이하
g_g013045,자녀,여자,~9세이하
g_g013046,동료,남자,30대
g_g013046,동료,여자,30대
g_g013046,동료,여자,30대
g_g013046,동료,남자,20대
g_g013046,동료,여자,30대
g_g013048,연인,남자,30대
g_g013050,부모,여자,50대
g_g013059,형제/자매,여자,20대
g_g013062,배우자,남자,60대
g_g013062,자녀,여자,30대
g_g013065,친구,여자,20대
g_g013066,형제/자매,여자,40대
g_g013066,부모,여자,70세이상
g_g013066,친인척,여자,10대
g_g013070,부모,여자,40대
g_g013074,연인,남자,30대
g_g013080,연인,남자,30대
g_g013084,부모,남자,60대
g_g013084,부모,여자,60대
g_g013087,형제/자매,여자,20대
g_g013087,부모,여자,50대
g_g013087,형제/자매,여자,10대
g_g013096,부모,여자,50대
g_g013097,동료,여자,40대
g_g013102,배우자,여자,40대
g_g013105,연인,여자,20대
g_g013114,자녀,여자,~9세이하
g_g013125,친구,여자,20대
g_g013131,연인,여자,20대
h_h001459,형제/자매,여자,20대
